no,headword,variants,derivatives,official_tier_mark,official_tier_code,official_tier_label,source_version,source_raw
1,a,,an,*,elementary,초등학교 권장(*),kr-curriculum-2022,a* (an)
2,abandon,,,,elective,그 외 과목,kr-curriculum-2022,abandon
3,able,,disabled,**,common,중학교·고등 공통과목 권장(**),kr-curriculum-2022,able** (disabled)
4,aboard,,,,elective,그 외 과목,kr-curriculum-2022,aboard
5,abort,,abortion,,elective,그 외 과목,kr-curriculum-2022,abort (abortion)
6,abound,,abundant,,elective,그 외 과목,kr-curriculum-2022,abound (abundant)
7,about,,,*,elementary,초등학교 권장(*),kr-curriculum-2022,about*
8,above,,,*,elementary,초등학교 권장(*),kr-curriculum-2022,above*
9,abroad,,,,elective,그 외 과목,kr-curriculum-2022,abroad
10,absent,,,,elective,그 외 과목,kr-curriculum-2022,absent
11,absolute,,,**,common,중학교·고등 공통과목 권장(**),kr-curriculum-2022,absolute**
12,absorb,,,,elective,그 외 과목,kr-curriculum-2022,absorb
13,abstract,,,,elective,그 외 과목,kr-curriculum-2022,abstract
14,absurd,,,,elective,그 외 과목,kr-curriculum-2022,absurd
15,abuse,,,,elective,그 외 과목,kr-curriculum-2022,abuse
16,academy,,,,elective,그 외 과목,kr-curriculum-2022,academy
17,accelerate,,,,elective,그 외 과목,kr-curriculum-2022,accelerate
18,accent,,,**,common,중학교·고등 공통과목 권장(**),kr-curriculum-2022,accent**
19,accept,,,**,common,중학교·고등 공통과목 권장(**),kr-curriculum-2022,accept**
20,access,,,**,common,중학교·고등 공통과목 권장(**),kr-curriculum-2022,access**
21,accident,,,**,common,중학교·고등 공통과목 권장(**),kr-curriculum-2022,accident**
22,accommodate,,,,elective,그 외 과목,kr-curriculum-2022,accommodate
23,accompany,,,,elective,그 외 과목,kr-curriculum-2022,accompany
24,accomplish,,,,elective,그 외 과목,kr-curriculum-2022,accomplish
25,accord,,,,elective,그 외 과목,kr-curriculum-2022,accord
26,account,,,**,common,중학교·고등 공통과목 권장(**),kr-curriculum-2022,account**
27,accumulate,,,,elective,그 외 과목,kr-curriculum-2022,accumulate
28,accurate,,,,elective,그 외 과목,kr-curriculum-2022,accurate
29,accuse,,,**,common,중학교·고등 공통과목 권장(**),kr-curriculum-2022,accuse**
30,ache,,headache,,elective,그 외 과목,kr-curriculum-2022,ache (headache)
31,achieve,,,**,common,중학교·고등 공통과목 권장(**),kr-curriculum-2022,achieve**
32,acid,,,,elective,그 외 과목,kr-curriculum-2022,acid
33,acknowledge,,,,elective,그 외 과목,kr-curriculum-2022,acknowledge
34,acquire,,,,elective,그 외 과목,kr-curriculum-2022,acquire
35,acquisition,,,,elective,그 외 과목,kr-curriculum-2022,acquisition
36,across,,,*,elementary,초등학교 권장(*),kr-curriculum-2022,across*
37,act,,"actual, interact",*,elementary,초등학교 권장(*),kr-curriculum-2022,"act* (actual, interact)"
38,adapt,,,**,common,중학교·고등 공통과목 권장(**),kr-curriculum-2022,adapt**
39,add,,,*,elementary,초등학교 권장(*),kr-curriculum-2022,add*
40,addict,,,,elective,그 외 과목,kr-curriculum-2022,addict
41,address,,,*,elementary,초등학교 권장(*),kr-curriculum-2022,address*
42,adequate,,,,elective,그 외 과목,kr-curriculum-2022,adequate
43,adjust,,,,elective,그 외 과목,kr-curriculum-2022,adjust
44,administer,,administration,,elective,그 외 과목,kr-curriculum-2022,administer (administration)
45,admire,,,**,common,중학교·고등 공통과목 권장(**),kr-curriculum-2022,admire**
46,admit,,admission,**,common,중학교·고등 공통과목 권장(**),kr-curriculum-2022,admit** (admission)
47,adolescent,,,,elective,그 외 과목,kr-curriculum-2022,adolescent
48,adopt,,,**,common,중학교·고등 공통과목 권장(**),kr-curriculum-2022,adopt**
49,adult,,,*,elementary,초등학교 권장(*),kr-curriculum-2022,adult*
50,advance,,,**,common,중학교·고등 공통과목 권장(**),kr-curriculum-2022,advance**
51,advantage,,disadvantage,**,common,중학교·고등 공통과목 권장(**),kr-curriculum-2022,advantage** (disadvantage)
52,adventure,,,**,common,중학교·고등 공통과목 권장(**),kr-curriculum-2022,adventure**
53,adverse,,,,elective,그 외 과목,kr-curriculum-2022,adverse
54,advertize,advertise,,**,common,중학교·고등 공통과목 권장(**),kr-curriculum-2022,advertize** / advertise**
55,advice,,,**,common,중학교·고등 공통과목 권장(**),kr-curriculum-2022,advice**
56,advise,,,**,common,중학교·고등 공통과목 권장(**),kr-curriculum-2022,advise**
57,advocate,,,,elective,그 외 과목,kr-curriculum-2022,advocate
58,aesthetic,,,,elective,그 외 과목,kr-curriculum-2022,aesthetic
59,affair,,,**,common,중학교·고등 공통과목 권장(**),kr-curriculum-2022,affair**
60,affect,,affection,**,common,중학교·고등 공통과목 권장(**),kr-curriculum-2022,affect** (affection)
61,afford,,,**,common,중학교·고등 공통과목 권장(**),kr-curriculum-2022,afford**
62,afraid,,,*,elementary,초등학교 권장(*),kr-curriculum-2022,afraid*
63,after,,,*,elementary,초등학교 권장(*),kr-curriculum-2022,after*
64,afternoon,,,*,elementary,초등학교 권장(*),kr-curriculum-2022,afternoon*
65,again,,,*,elementary,초등학교 권장(*),kr-curriculum-2022,again*
66,against,,,*,elementary,초등학교 권장(*),kr-curriculum-2022,against*
67,age,,,*,elementary,초등학교 권장(*),kr-curriculum-2022,age*
68,agency,,,,elective,그 외 과목,kr-curriculum-2022,agency
69,agenda,,,,elective,그 외 과목,kr-curriculum-2022,agenda
70,agent,,,**,common,중학교·고등 공통과목 권장(**),kr-curriculum-2022,agent**
71,aggress,,aggressive,,elective,그 외 과목,kr-curriculum-2022,aggress (aggressive)
72,ago,,,*,elementary,초등학교 권장(*),kr-curriculum-2022,ago*
73,agree,,disagree,*,elementary,초등학교 권장(*),kr-curriculum-2022,agree* (disagree)
74,agriculture,,,,elective,그 외 과목,kr-curriculum-2022,agriculture
75,ahead,,,*,elementary,초등학교 권장(*),kr-curriculum-2022,ahead*
76,aid,,,**,common,중학교·고등 공통과목 권장(**),kr-curriculum-2022,aid**
77,aim,,,**,common,중학교·고등 공통과목 권장(**),kr-curriculum-2022,aim**
78,air,,,*,elementary,초등학교 권장(*),kr-curriculum-2022,air*
79,airline,,,**,common,중학교·고등 공통과목 권장(**),kr-curriculum-2022,airline**
80,airplane,aeroplane,,*,elementary,초등학교 권장(*),kr-curriculum-2022,airplane* / aeroplane*
81,airport,,,**,common,중학교·고등 공통과목 권장(**),kr-curriculum-2022,airport**
82,alarm,,,**,common,중학교·고등 공통과목 권장(**),kr-curriculum-2022,alarm**
83,album,,,*,elementary,초등학교 권장(*),kr-curriculum-2022,album*
84,alcohol,,,**,common,중학교·고등 공통과목 권장(**),kr-curriculum-2022,alcohol**
85,alert,,,,elective,그 외 과목,kr-curriculum-2022,alert
86,alien,,,,elective,그 외 과목,kr-curriculum-2022,alien
87,alike,,,,elective,그 외 과목,kr-curriculum-2022,alike
88,alive,,,**,common,중학교·고등 공통과목 권장(**),kr-curriculum-2022,alive**
89,all,,,*,elementary,초등학교 권장(*),kr-curriculum-2022,all*
90,allocate,,,,elective,그 외 과목,kr-curriculum-2022,allocate
91,allow,,,**,common,중학교·고등 공통과목 권장(**),kr-curriculum-2022,allow**
92,ally,,,,elective,그 외 과목,kr-curriculum-2022,ally
93,almost,,,*,elementary,초등학교 권장(*),kr-curriculum-2022,almost*
94,alone,,,*,elementary,초등학교 권장(*),kr-curriculum-2022,alone*
95,along,,,*,elementary,초등학교 권장(*),kr-curriculum-2022,along*
96,alongside,,,,elective,그 외 과목,kr-curriculum-2022,alongside
97,aloud,,,**,common,중학교·고등 공통과목 권장(**),kr-curriculum-2022,aloud**
98,already,,,*,elementary,초등학교 권장(*),kr-curriculum-2022,already*
99,alright,,,*,elementary,초등학교 권장(*),kr-curriculum-2022,alright*
100,also,,,*,elementary,초등학교 권장(*),kr-curriculum-2022,also*
101,alter,,,**,common,중학교·고등 공통과목 권장(**),kr-curriculum-2022,alter**
102,alternate,,alternative,,elective,그 외 과목,kr-curriculum-2022,alternate (alternative)
103,although,,,**,common,중학교·고등 공통과목 권장(**),kr-curriculum-2022,although**
104,altogether,,,**,common,중학교·고등 공통과목 권장(**),kr-curriculum-2022,altogether**
105,always,,,*,elementary,초등학교 권장(*),kr-curriculum-2022,always*
106,amaze,,,**,common,중학교·고등 공통과목 권장(**),kr-curriculum-2022,amaze**
107,ambassador,,,,elective,그 외 과목,kr-curriculum-2022,ambassador
108,ambition,,ambitious,,elective,그 외 과목,kr-curriculum-2022,ambition (ambitious)
109,ambulance,,,**,common,중학교·고등 공통과목 권장(**),kr-curriculum-2022,ambulance**
110,among,,,**,common,중학교·고등 공통과목 권장(**),kr-curriculum-2022,among**
111,amount,,,**,common,중학교·고등 공통과목 권장(**),kr-curriculum-2022,amount**
112,amuse,,,**,common,중학교·고등 공통과목 권장(**),kr-curriculum-2022,amuse**
113,analysis,,,**,common,중학교·고등 공통과목 권장(**),kr-curriculum-2022,analysis**
114,analyze,analyse,,,elective,그 외 과목,kr-curriculum-2022,analyze / analyse
115,anchor,,,,elective,그 외 과목,kr-curriculum-2022,anchor
116,ancient,,,,elective,그 외 과목,kr-curriculum-2022,ancient
117,and,,,*,elementary,초등학교 권장(*),kr-curriculum-2022,and*
118,angel,,,**,common,중학교·고등 공통과목 권장(**),kr-curriculum-2022,angel**
119,anger,,,**,common,중학교·고등 공통과목 권장(**),kr-curriculum-2022,anger**
120,angle,,,,elective,그 외 과목,kr-curriculum-2022,angle
121,animal,,,*,elementary,초등학교 권장(*),kr-curriculum-2022,animal*
122,anniversary,,,,elective,그 외 과목,kr-curriculum-2022,anniversary
123,announce,,,**,common,중학교·고등 공통과목 권장(**),kr-curriculum-2022,announce**
124,annoy,,,**,common,중학교·고등 공통과목 권장(**),kr-curriculum-2022,annoy**
125,annual,,,**,common,중학교·고등 공통과목 권장(**),kr-curriculum-2022,annual**
126,another,,,*,elementary,초등학교 권장(*),kr-curriculum-2022,another*
127,answer,,,*,elementary,초등학교 권장(*),kr-curriculum-2022,answer*
128,ant,,,**,common,중학교·고등 공통과목 권장(**),kr-curriculum-2022,ant**
129,anticipate,,,,elective,그 외 과목,kr-curriculum-2022,anticipate
130,anxiety,,,,elective,그 외 과목,kr-curriculum-2022,anxiety
131,anxious,,,**,common,중학교·고등 공통과목 권장(**),kr-curriculum-2022,anxious**
132,any,,,*,elementary,초등학교 권장(*),kr-curriculum-2022,any*
133,apart,,,**,common,중학교·고등 공통과목 권장(**),kr-curriculum-2022,apart**
134,apartment,,,*,elementary,초등학교 권장(*),kr-curriculum-2022,apartment*
135,apology,,,,elective,그 외 과목,kr-curriculum-2022,apology
136,apparent,,,,elective,그 외 과목,kr-curriculum-2022,apparent
137,appeal,,,**,common,중학교·고등 공통과목 권장(**),kr-curriculum-2022,appeal**
138,appear,,disappear,**,common,중학교·고등 공통과목 권장(**),kr-curriculum-2022,appear** (disappear)
139,apple,,,*,elementary,초등학교 권장(*),kr-curriculum-2022,apple*
140,apply,,applicant,**,common,중학교·고등 공통과목 권장(**),kr-curriculum-2022,apply** (applicant)
141,appoint,,,**,common,중학교·고등 공통과목 권장(**),kr-curriculum-2022,appoint**
142,appreciate,,,**,common,중학교·고등 공통과목 권장(**),kr-curriculum-2022,appreciate**
143,approach,,,**,common,중학교·고등 공통과목 권장(**),kr-curriculum-2022,approach**
144,appropriate,,,**,common,중학교·고등 공통과목 권장(**),kr-curriculum-2022,appropriate**
145,approve,,,,elective,그 외 과목,kr-curriculum-2022,approve
146,approximate,,,,elective,그 외 과목,kr-curriculum-2022,approximate
147,architect,,architecture,,elective,그 외 과목,kr-curriculum-2022,architect (architecture)
148,area,,,*,elementary,초등학교 권장(*),kr-curriculum-2022,area*
149,argue,,,**,common,중학교·고등 공통과목 권장(**),kr-curriculum-2022,argue**
150,arise,,,,elective,그 외 과목,kr-curriculum-2022,arise
151,arm,,,*,elementary,초등학교 권장(*),kr-curriculum-2022,arm*
152,army,,,**,common,중학교·고등 공통과목 권장(**),kr-curriculum-2022,army**
153,around,,,*,elementary,초등학교 권장(*),kr-curriculum-2022,around*
154,arrange,,,**,common,중학교·고등 공통과목 권장(**),kr-curriculum-2022,arrange**
155,arrest,,,**,common,중학교·고등 공통과목 권장(**),kr-curriculum-2022,arrest**
156,arrive,,,*,elementary,초등학교 권장(*),kr-curriculum-2022,arrive*
157,arrow,,,,elective,그 외 과목,kr-curriculum-2022,arrow
158,art,,,*,elementary,초등학교 권장(*),kr-curriculum-2022,art*
159,article,,,**,common,중학교·고등 공통과목 권장(**),kr-curriculum-2022,article**
160,artifice,,artificial,,elective,그 외 과목,kr-curriculum-2022,artifice (artificial)
161,as,,,*,elementary,초등학교 권장(*),kr-curriculum-2022,as*
162,aside,,,**,common,중학교·고등 공통과목 권장(**),kr-curriculum-2022,aside**
163,ask,,,*,elementary,초등학교 권장(*),kr-curriculum-2022,ask*
164,asleep,,,**,common,중학교·고등 공통과목 권장(**),kr-curriculum-2022,asleep**
165,aspect,,,,elective,그 외 과목,kr-curriculum-2022,aspect
166,aspire,,,,elective,그 외 과목,kr-curriculum-2022,aspire
167,assault,,,,elective,그 외 과목,kr-curriculum-2022,assault
168,assemble,,,,elective,그 외 과목,kr-curriculum-2022,assemble
169,assert,,,,elective,그 외 과목,kr-curriculum-2022,assert
170,assess,,,**,common,중학교·고등 공통과목 권장(**),kr-curriculum-2022,assess**
171,asset,,,,elective,그 외 과목,kr-curriculum-2022,asset
172,assign,,assignment,**,common,중학교·고등 공통과목 권장(**),kr-curriculum-2022,assign** (assignment)
173,assist,,assistant,**,common,중학교·고등 공통과목 권장(**),kr-curriculum-2022,assist** (assistant)
174,associate,,,**,common,중학교·고등 공통과목 권장(**),kr-curriculum-2022,associate**
175,assume,,,**,common,중학교·고등 공통과목 권장(**),kr-curriculum-2022,assume**
176,assure,,,,elective,그 외 과목,kr-curriculum-2022,assure
177,astonish,,,,elective,그 외 과목,kr-curriculum-2022,astonish
178,at,,,*,elementary,초등학교 권장(*),kr-curriculum-2022,at*
179,athlete,,,,elective,그 외 과목,kr-curriculum-2022,athlete
180,atmosphere,,,**,common,중학교·고등 공통과목 권장(**),kr-curriculum-2022,atmosphere**
181,atom,,,,elective,그 외 과목,kr-curriculum-2022,atom
182,attach,,,**,common,중학교·고등 공통과목 권장(**),kr-curriculum-2022,attach**
183,attack,,,**,common,중학교·고등 공통과목 권장(**),kr-curriculum-2022,attack**
184,attempt,,,**,common,중학교·고등 공통과목 권장(**),kr-curriculum-2022,attempt**
185,attend,,,**,common,중학교·고등 공통과목 권장(**),kr-curriculum-2022,attend**
186,attention,,,**,common,중학교·고등 공통과목 권장(**),kr-curriculum-2022,attention**
187,attitude,,,**,common,중학교·고등 공통과목 권장(**),kr-curriculum-2022,attitude**
188,attract,,,**,common,중학교·고등 공통과목 권장(**),kr-curriculum-2022,attract**
189,attribute,,,,elective,그 외 과목,kr-curriculum-2022,attribute
190,auction,,,,elective,그 외 과목,kr-curriculum-2022,auction
191,audience,,,**,common,중학교·고등 공통과목 권장(**),kr-curriculum-2022,audience**
192,aunt,,,*,elementary,초등학교 권장(*),kr-curriculum-2022,aunt*
193,authentic,,,,elective,그 외 과목,kr-curriculum-2022,authentic
194,author,,,,elective,그 외 과목,kr-curriculum-2022,author
195,automatic,,,**,common,중학교·고등 공통과목 권장(**),kr-curriculum-2022,automatic**
196,autumn,,,*,elementary,초등학교 권장(*),kr-curriculum-2022,autumn*
197,avail,,available,,elective,그 외 과목,kr-curriculum-2022,avail (available)
198,average,,,**,common,중학교·고등 공통과목 권장(**),kr-curriculum-2022,average**
199,avoid,,,**,common,중학교·고등 공통과목 권장(**),kr-curriculum-2022,avoid**
200,await,,,,elective,그 외 과목,kr-curriculum-2022,await
201,awake,,,**,common,중학교·고등 공통과목 권장(**),kr-curriculum-2022,awake**
202,award,,,**,common,중학교·고등 공통과목 권장(**),kr-curriculum-2022,award**
203,aware,,unaware,**,common,중학교·고등 공통과목 권장(**),kr-curriculum-2022,aware** (unaware)
204,away,,,*,elementary,초등학교 권장(*),kr-curriculum-2022,away*
205,awe,,awful,,elective,그 외 과목,kr-curriculum-2022,awe (awful)
206,awkward,,,**,common,중학교·고등 공통과목 권장(**),kr-curriculum-2022,awkward**
207,baby,,,*,elementary,초등학교 권장(*),kr-curriculum-2022,baby*
208,back,,,*,elementary,초등학교 권장(*),kr-curriculum-2022,back*
209,background,,,**,common,중학교·고등 공통과목 권장(**),kr-curriculum-2022,background**
210,bacon,,,**,common,중학교·고등 공통과목 권장(**),kr-curriculum-2022,bacon**
211,bad,,,*,elementary,초등학교 권장(*),kr-curriculum-2022,bad*
212,badminton,,,*,elementary,초등학교 권장(*),kr-curriculum-2022,badminton*
213,bag,,,*,elementary,초등학교 권장(*),kr-curriculum-2022,bag*
214,bake,,,*,elementary,초등학교 권장(*),kr-curriculum-2022,bake*
215,balance,,,**,common,중학교·고등 공통과목 권장(**),kr-curriculum-2022,balance**
216,ball,,,*,elementary,초등학교 권장(*),kr-curriculum-2022,ball*
217,balloon,,,**,common,중학교·고등 공통과목 권장(**),kr-curriculum-2022,balloon**
218,ban,,,,elective,그 외 과목,kr-curriculum-2022,ban
219,banana,,,*,elementary,초등학교 권장(*),kr-curriculum-2022,banana*
220,band,,,**,common,중학교·고등 공통과목 권장(**),kr-curriculum-2022,band**
221,bang,,,**,common,중학교·고등 공통과목 권장(**),kr-curriculum-2022,bang**
222,bank,,,*,elementary,초등학교 권장(*),kr-curriculum-2022,bank*
223,bankrupt,,,,elective,그 외 과목,kr-curriculum-2022,bankrupt
224,bar,,,**,common,중학교·고등 공통과목 권장(**),kr-curriculum-2022,bar**
225,bare,,,**,common,중학교·고등 공통과목 권장(**),kr-curriculum-2022,bare**
226,bargain,,,,elective,그 외 과목,kr-curriculum-2022,bargain
227,bark,,,**,common,중학교·고등 공통과목 권장(**),kr-curriculum-2022,bark**
228,barrier,,,,elective,그 외 과목,kr-curriculum-2022,barrier
229,base,,,*,elementary,초등학교 권장(*),kr-curriculum-2022,base*
230,baseball,,,*,elementary,초등학교 권장(*),kr-curriculum-2022,baseball*
231,basis,,,**,common,중학교·고등 공통과목 권장(**),kr-curriculum-2022,basis**
232,basket,,,*,elementary,초등학교 권장(*),kr-curriculum-2022,basket*
233,basketball,,,*,elementary,초등학교 권장(*),kr-curriculum-2022,basketball*
234,bat,,,*,elementary,초등학교 권장(*),kr-curriculum-2022,bat*
235,bath,,,*,elementary,초등학교 권장(*),kr-curriculum-2022,bath*
236,battery,,,**,common,중학교·고등 공통과목 권장(**),kr-curriculum-2022,battery**
237,battle,,,**,common,중학교·고등 공통과목 권장(**),kr-curriculum-2022,battle**
238,bay,,,**,common,중학교·고등 공통과목 권장(**),kr-curriculum-2022,bay**
239,be,,,*,elementary,초등학교 권장(*),kr-curriculum-2022,be*
240,beach,,,*,elementary,초등학교 권장(*),kr-curriculum-2022,beach*
241,beam,,,,elective,그 외 과목,kr-curriculum-2022,beam
242,bean,,,**,common,중학교·고등 공통과목 권장(**),kr-curriculum-2022,bean**
243,bear,,,*,elementary,초등학교 권장(*),kr-curriculum-2022,bear*
244,beard,,,,elective,그 외 과목,kr-curriculum-2022,beard
245,beast,,,,elective,그 외 과목,kr-curriculum-2022,beast
246,beat,,,**,common,중학교·고등 공통과목 권장(**),kr-curriculum-2022,beat**
247,beauty,,,*,elementary,초등학교 권장(*),kr-curriculum-2022,beauty*
248,because,,,*,elementary,초등학교 권장(*),kr-curriculum-2022,because*
249,become,,,*,elementary,초등학교 권장(*),kr-curriculum-2022,become*
250,bed,,,*,elementary,초등학교 권장(*),kr-curriculum-2022,bed*
251,bee,,,*,elementary,초등학교 권장(*),kr-curriculum-2022,bee*
252,beef,,,*,elementary,초등학교 권장(*),kr-curriculum-2022,beef*
253,beer,,,**,common,중학교·고등 공통과목 권장(**),kr-curriculum-2022,beer**
254,before,,,*,elementary,초등학교 권장(*),kr-curriculum-2022,before*
255,beg,,,**,common,중학교·고등 공통과목 권장(**),kr-curriculum-2022,beg**
256,begin,,,*,elementary,초등학교 권장(*),kr-curriculum-2022,begin*
257,behalf,,,,elective,그 외 과목,kr-curriculum-2022,behalf
258,behave,,behavior / behaviour,,elective,그 외 과목,kr-curriculum-2022,behave (behavior / behaviour)
259,behind,,,*,elementary,초등학교 권장(*),kr-curriculum-2022,behind*
260,belief,,,**,common,중학교·고등 공통과목 권장(**),kr-curriculum-2022,belief**
261,believe,,,*,elementary,초등학교 권장(*),kr-curriculum-2022,believe*
262,bell,,,*,elementary,초등학교 권장(*),kr-curriculum-2022,bell*
263,belong,,,**,common,중학교·고등 공통과목 권장(**),kr-curriculum-2022,belong**
264,below,,,*,elementary,초등학교 권장(*),kr-curriculum-2022,below*
265,belt,,,*,elementary,초등학교 권장(*),kr-curriculum-2022,belt*
266,bench,,,**,common,중학교·고등 공통과목 권장(**),kr-curriculum-2022,bench**
267,bend,,,**,common,중학교·고등 공통과목 권장(**),kr-curriculum-2022,bend**
268,beneath,,,**,common,중학교·고등 공통과목 권장(**),kr-curriculum-2022,beneath**
269,benefit,,,**,common,중학교·고등 공통과목 권장(**),kr-curriculum-2022,benefit**
270,beside,,,*,elementary,초등학교 권장(*),kr-curriculum-2022,beside*
271,bet,,,**,common,중학교·고등 공통과목 권장(**),kr-curriculum-2022,bet**
272,betray,,,,elective,그 외 과목,kr-curriculum-2022,betray
273,between,,,*,elementary,초등학교 권장(*),kr-curriculum-2022,between*
274,beyond,,,**,common,중학교·고등 공통과목 권장(**),kr-curriculum-2022,beyond**
275,bias,,,,elective,그 외 과목,kr-curriculum-2022,bias
276,big,,,*,elementary,초등학교 권장(*),kr-curriculum-2022,big*
277,bike,,,*,elementary,초등학교 권장(*),kr-curriculum-2022,bike*
278,bill,,,*,elementary,초등학교 권장(*),kr-curriculum-2022,bill*
279,billion,,,**,common,중학교·고등 공통과목 권장(**),kr-curriculum-2022,billion**
280,bin,,,**,common,중학교·고등 공통과목 권장(**),kr-curriculum-2022,bin**
281,bind,,,**,common,중학교·고등 공통과목 권장(**),kr-curriculum-2022,bind**
282,biography,,,,elective,그 외 과목,kr-curriculum-2022,biography
283,biology,,,,elective,그 외 과목,kr-curriculum-2022,biology
284,bird,,,*,elementary,초등학교 권장(*),kr-curriculum-2022,bird*
285,birth,,,*,elementary,초등학교 권장(*),kr-curriculum-2022,birth*
286,biscuit,,,*,elementary,초등학교 권장(*),kr-curriculum-2022,biscuit*
287,bit,,,**,common,중학교·고등 공통과목 권장(**),kr-curriculum-2022,bit**
288,bite,,,**,common,중학교·고등 공통과목 권장(**),kr-curriculum-2022,bite**
289,bitter,,,**,common,중학교·고등 공통과목 권장(**),kr-curriculum-2022,bitter**
290,black,,,*,elementary,초등학교 권장(*),kr-curriculum-2022,black*
291,blame,,,**,common,중학교·고등 공통과목 권장(**),kr-curriculum-2022,blame**
292,blank,,,**,common,중학교·고등 공통과목 권장(**),kr-curriculum-2022,blank**
293,blanket,,,**,common,중학교·고등 공통과목 권장(**),kr-curriculum-2022,blanket**
294,blast,,,,elective,그 외 과목,kr-curriculum-2022,blast
295,blend,,,,elective,그 외 과목,kr-curriculum-2022,blend
296,bless,,,**,common,중학교·고등 공통과목 권장(**),kr-curriculum-2022,bless**
297,blind,,,**,common,중학교·고등 공통과목 권장(**),kr-curriculum-2022,blind**
298,blink,,,,elective,그 외 과목,kr-curriculum-2022,blink
299,block,,,**,common,중학교·고등 공통과목 권장(**),kr-curriculum-2022,block**
300,blonde,,,**,common,중학교·고등 공통과목 권장(**),kr-curriculum-2022,blonde**
301,blood,,,*,elementary,초등학교 권장(*),kr-curriculum-2022,blood*
302,bloom,,,**,common,중학교·고등 공통과목 권장(**),kr-curriculum-2022,bloom**
303,blossom,,,,elective,그 외 과목,kr-curriculum-2022,blossom
304,blow,,,**,common,중학교·고등 공통과목 권장(**),kr-curriculum-2022,blow**
305,blue,,,*,elementary,초등학교 권장(*),kr-curriculum-2022,blue*
306,board,,,*,elementary,초등학교 권장(*),kr-curriculum-2022,board*
307,boat,,,*,elementary,초등학교 권장(*),kr-curriculum-2022,boat*
308,body,,embody,*,elementary,초등학교 권장(*),kr-curriculum-2022,body* (embody)
309,boil,,,**,common,중학교·고등 공통과목 권장(**),kr-curriculum-2022,boil**
310,bold,,,,elective,그 외 과목,kr-curriculum-2022,bold
311,bomb,,,**,common,중학교·고등 공통과목 권장(**),kr-curriculum-2022,bomb**
312,bond,,,**,common,중학교·고등 공통과목 권장(**),kr-curriculum-2022,bond**
313,bone,,,*,elementary,초등학교 권장(*),kr-curriculum-2022,bone*
314,book,,,*,elementary,초등학교 권장(*),kr-curriculum-2022,book*
315,boom,,,**,common,중학교·고등 공통과목 권장(**),kr-curriculum-2022,boom**
316,boost,,,,elective,그 외 과목,kr-curriculum-2022,boost
317,boot,,,**,common,중학교·고등 공통과목 권장(**),kr-curriculum-2022,boot**
318,border,,,,elective,그 외 과목,kr-curriculum-2022,border
319,bore,,,**,common,중학교·고등 공통과목 권장(**),kr-curriculum-2022,bore**
320,borrow,,,*,elementary,초등학교 권장(*),kr-curriculum-2022,borrow*
321,boss,,,**,common,중학교·고등 공통과목 권장(**),kr-curriculum-2022,boss**
322,both,,,*,elementary,초등학교 권장(*),kr-curriculum-2022,both*
323,bother,,,**,common,중학교·고등 공통과목 권장(**),kr-curriculum-2022,bother**
324,bottle,,,*,elementary,초등학교 권장(*),kr-curriculum-2022,bottle*
325,bottom,,,*,elementary,초등학교 권장(*),kr-curriculum-2022,bottom*
326,bounce,,,**,common,중학교·고등 공통과목 권장(**),kr-curriculum-2022,bounce**
327,boundary,,,,elective,그 외 과목,kr-curriculum-2022,boundary
328,bow,,,**,common,중학교·고등 공통과목 권장(**),kr-curriculum-2022,bow**
329,bowl,,,**,common,중학교·고등 공통과목 권장(**),kr-curriculum-2022,bowl**
330,box,,,*,elementary,초등학교 권장(*),kr-curriculum-2022,box*
331,boy,,,*,elementary,초등학교 권장(*),kr-curriculum-2022,boy*
332,brain,,,**,common,중학교·고등 공통과목 권장(**),kr-curriculum-2022,brain**
333,brake,,,**,common,중학교·고등 공통과목 권장(**),kr-curriculum-2022,brake**
334,branch,,,**,common,중학교·고등 공통과목 권장(**),kr-curriculum-2022,branch**
335,brand,,,**,common,중학교·고등 공통과목 권장(**),kr-curriculum-2022,brand**
336,brave,,,*,elementary,초등학교 권장(*),kr-curriculum-2022,brave*
337,bread,,,*,elementary,초등학교 권장(*),kr-curriculum-2022,bread*
338,break,,,*,elementary,초등학교 권장(*),kr-curriculum-2022,break*
339,breakfast,,,*,elementary,초등학교 권장(*),kr-curriculum-2022,breakfast*
340,breast,,,**,common,중학교·고등 공통과목 권장(**),kr-curriculum-2022,breast**
341,breath,,,**,common,중학교·고등 공통과목 권장(**),kr-curriculum-2022,breath**
342,breathe,,,**,common,중학교·고등 공통과목 권장(**),kr-curriculum-2022,breathe**
343,breed,,,,elective,그 외 과목,kr-curriculum-2022,breed
344,breeze,,,,elective,그 외 과목,kr-curriculum-2022,breeze
345,brick,,,**,common,중학교·고등 공통과목 권장(**),kr-curriculum-2022,brick**
346,bridge,,,*,elementary,초등학교 권장(*),kr-curriculum-2022,bridge*
347,brief,,,**,common,중학교·고등 공통과목 권장(**),kr-curriculum-2022,brief**
348,bright,,,*,elementary,초등학교 권장(*),kr-curriculum-2022,bright*
349,brilliant,,,**,common,중학교·고등 공통과목 권장(**),kr-curriculum-2022,brilliant**
350,bring,,,*,elementary,초등학교 권장(*),kr-curriculum-2022,bring*
351,broad,,,**,common,중학교·고등 공통과목 권장(**),kr-curriculum-2022,broad**
352,broadcast,,,,elective,그 외 과목,kr-curriculum-2022,broadcast
353,brother,,,*,elementary,초등학교 권장(*),kr-curriculum-2022,brother*
354,brown,,,*,elementary,초등학교 권장(*),kr-curriculum-2022,brown*
355,brush,,,*,elementary,초등학교 권장(*),kr-curriculum-2022,brush*
356,brute,,brutal,,elective,그 외 과목,kr-curriculum-2022,brute (brutal)
357,bubble,,,**,common,중학교·고등 공통과목 권장(**),kr-curriculum-2022,bubble**
358,budget,,,**,common,중학교·고등 공통과목 권장(**),kr-curriculum-2022,budget**
359,bug,,,**,common,중학교·고등 공통과목 권장(**),kr-curriculum-2022,bug**
360,build,,,*,elementary,초등학교 권장(*),kr-curriculum-2022,build*
361,bulk,,,,elective,그 외 과목,kr-curriculum-2022,bulk
362,bull,,,,elective,그 외 과목,kr-curriculum-2022,bull
363,bully,,,,elective,그 외 과목,kr-curriculum-2022,bully
364,bump,,,**,common,중학교·고등 공통과목 권장(**),kr-curriculum-2022,bump**
365,bunch,,,**,common,중학교·고등 공통과목 권장(**),kr-curriculum-2022,bunch**
366,bundle,,,,elective,그 외 과목,kr-curriculum-2022,bundle
367,burden,,,,elective,그 외 과목,kr-curriculum-2022,burden
368,burn,,,*,elementary,초등학교 권장(*),kr-curriculum-2022,burn*
369,burst,,,**,common,중학교·고등 공통과목 권장(**),kr-curriculum-2022,burst**
370,bury,,,**,common,중학교·고등 공통과목 권장(**),kr-curriculum-2022,bury**
371,bus,,,*,elementary,초등학교 권장(*),kr-curriculum-2022,bus*
372,bush,,,**,common,중학교·고등 공통과목 권장(**),kr-curriculum-2022,bush**
373,business,,,*,elementary,초등학교 권장(*),kr-curriculum-2022,business*
374,busy,,,*,elementary,초등학교 권장(*),kr-curriculum-2022,busy*
375,but,,,*,elementary,초등학교 권장(*),kr-curriculum-2022,but*
376,butcher,,,,elective,그 외 과목,kr-curriculum-2022,butcher
377,butter,,,*,elementary,초등학교 권장(*),kr-curriculum-2022,butter*
378,button,,,*,elementary,초등학교 권장(*),kr-curriculum-2022,button*
379,buy,,,*,elementary,초등학교 권장(*),kr-curriculum-2022,buy*
380,buzz,,,,elective,그 외 과목,kr-curriculum-2022,buzz
381,by,,,*,elementary,초등학교 권장(*),kr-curriculum-2022,by*
382,cable,,,**,common,중학교·고등 공통과목 권장(**),kr-curriculum-2022,cable**
383,cage,,,**,common,중학교·고등 공통과목 권장(**),kr-curriculum-2022,cage**
384,cake,,,*,elementary,초등학교 권장(*),kr-curriculum-2022,cake*
385,calculate,,calculator,**,common,중학교·고등 공통과목 권장(**),kr-curriculum-2022,calculate** (calculator)
386,calendar,,,**,common,중학교·고등 공통과목 권장(**),kr-curriculum-2022,calendar**
387,call,,,*,elementary,초등학교 권장(*),kr-curriculum-2022,call*
388,calm,,,**,common,중학교·고등 공통과목 권장(**),kr-curriculum-2022,calm**
389,camera,,,*,elementary,초등학교 권장(*),kr-curriculum-2022,camera*
390,camp,,,*,elementary,초등학교 권장(*),kr-curriculum-2022,camp*
391,campaign,,,*,elementary,초등학교 권장(*),kr-curriculum-2022,campaign*
392,can,,,*,elementary,초등학교 권장(*),kr-curriculum-2022,can*
393,cancel,,,,elective,그 외 과목,kr-curriculum-2022,cancel
394,cancer,,,,elective,그 외 과목,kr-curriculum-2022,cancer
395,candidate,,,,elective,그 외 과목,kr-curriculum-2022,candidate
396,candy,,,*,elementary,초등학교 권장(*),kr-curriculum-2022,candy*
397,canvas,,,,elective,그 외 과목,kr-curriculum-2022,canvas
398,cap,,,*,elementary,초등학교 권장(*),kr-curriculum-2022,cap*
399,capable,,,**,common,중학교·고등 공통과목 권장(**),kr-curriculum-2022,capable**
400,cape,,,**,common,중학교·고등 공통과목 권장(**),kr-curriculum-2022,cape**
401,capital,,,**,common,중학교·고등 공통과목 권장(**),kr-curriculum-2022,capital**
402,captain,,,**,common,중학교·고등 공통과목 권장(**),kr-curriculum-2022,captain**
403,capture,,,,elective,그 외 과목,kr-curriculum-2022,capture
404,car,,,*,elementary,초등학교 권장(*),kr-curriculum-2022,car*
405,card,,,*,elementary,초등학교 권장(*),kr-curriculum-2022,card*
406,care,,,*,elementary,초등학교 권장(*),kr-curriculum-2022,care*
407,career,,,**,common,중학교·고등 공통과목 권장(**),kr-curriculum-2022,career**
408,carpet,,,**,common,중학교·고등 공통과목 권장(**),kr-curriculum-2022,carpet**
409,carrot,,,*,elementary,초등학교 권장(*),kr-curriculum-2022,carrot*
410,carry,,,*,elementary,초등학교 권장(*),kr-curriculum-2022,carry*
411,cart,,,**,common,중학교·고등 공통과목 권장(**),kr-curriculum-2022,cart**
412,carve,,,,elective,그 외 과목,kr-curriculum-2022,carve
413,case,,casual,*,elementary,초등학교 권장(*),kr-curriculum-2022,case* (casual)
414,cash,,,*,elementary,초등학교 권장(*),kr-curriculum-2022,cash*
415,cast,,,**,common,중학교·고등 공통과목 권장(**),kr-curriculum-2022,cast**
416,castle,,,**,common,중학교·고등 공통과목 권장(**),kr-curriculum-2022,castle**
417,cat,,,*,elementary,초등학교 권장(*),kr-curriculum-2022,cat*
418,catalogue,catalog,,**,common,중학교·고등 공통과목 권장(**),kr-curriculum-2022,catalogue** / catalog**
419,catch,,,*,elementary,초등학교 권장(*),kr-curriculum-2022,catch*
420,category,,,**,common,중학교·고등 공통과목 권장(**),kr-curriculum-2022,category**
421,cater,,,,elective,그 외 과목,kr-curriculum-2022,cater
422,cattle,,,,elective,그 외 과목,kr-curriculum-2022,cattle
423,cause,,causal,**,common,중학교·고등 공통과목 권장(**),kr-curriculum-2022,cause** (causal)
424,caution,,,,elective,그 외 과목,kr-curriculum-2022,caution
425,cave,,,,elective,그 외 과목,kr-curriculum-2022,cave
426,cease,,,,elective,그 외 과목,kr-curriculum-2022,cease
427,ceiling,,,**,common,중학교·고등 공통과목 권장(**),kr-curriculum-2022,ceiling**
428,celebrate,,,,elective,그 외 과목,kr-curriculum-2022,celebrate
429,celebrity,,,,elective,그 외 과목,kr-curriculum-2022,celebrity
430,cell,,,**,common,중학교·고등 공통과목 권장(**),kr-curriculum-2022,cell**
431,censor,,,,elective,그 외 과목,kr-curriculum-2022,censor
432,center,,,*,elementary,초등학교 권장(*),kr-curriculum-2022,center*
433,century,,,**,common,중학교·고등 공통과목 권장(**),kr-curriculum-2022,century**
434,certain,,,*,elementary,초등학교 권장(*),kr-curriculum-2022,certain*
435,certificate,,,,elective,그 외 과목,kr-curriculum-2022,certificate
436,chain,,,**,common,중학교·고등 공통과목 권장(**),kr-curriculum-2022,chain**
437,chair,,,*,elementary,초등학교 권장(*),kr-curriculum-2022,chair*
438,chairman,,,**,common,중학교·고등 공통과목 권장(**),kr-curriculum-2022,chairman**
439,challenge,,,**,common,중학교·고등 공통과목 권장(**),kr-curriculum-2022,challenge**
440,chamber,,,,elective,그 외 과목,kr-curriculum-2022,chamber
441,champion,,,**,common,중학교·고등 공통과목 권장(**),kr-curriculum-2022,champion**
442,chance,,,*,elementary,초등학교 권장(*),kr-curriculum-2022,chance*
443,change,,,*,elementary,초등학교 권장(*),kr-curriculum-2022,change*
444,channel,,,**,common,중학교·고등 공통과목 권장(**),kr-curriculum-2022,channel**
445,chaos,,,,elective,그 외 과목,kr-curriculum-2022,chaos
446,character,,,**,common,중학교·고등 공통과목 권장(**),kr-curriculum-2022,character**
447,characteristic,,,**,common,중학교·고등 공통과목 권장(**),kr-curriculum-2022,characteristic**
448,charge,,discharge,**,common,중학교·고등 공통과목 권장(**),kr-curriculum-2022,charge** (discharge)
449,charity,,,,elective,그 외 과목,kr-curriculum-2022,charity
450,charm,,,**,common,중학교·고등 공통과목 권장(**),kr-curriculum-2022,charm**
451,chart,,,**,common,중학교·고등 공통과목 권장(**),kr-curriculum-2022,chart**
452,chase,,,**,common,중학교·고등 공통과목 권장(**),kr-curriculum-2022,chase**
453,chat,,,**,common,중학교·고등 공통과목 권장(**),kr-curriculum-2022,chat**
454,cheap,,,*,elementary,초등학교 권장(*),kr-curriculum-2022,cheap*
455,check,cheque,,*,elementary,초등학교 권장(*),kr-curriculum-2022,check* / cheque*
456,cheek,,,**,common,중학교·고등 공통과목 권장(**),kr-curriculum-2022,cheek**
457,cheer,,,**,common,중학교·고등 공통과목 권장(**),kr-curriculum-2022,cheer**
458,cheese,,,*,elementary,초등학교 권장(*),kr-curriculum-2022,cheese*
459,chef,,,,elective,그 외 과목,kr-curriculum-2022,chef
460,chemical,,,,elective,그 외 과목,kr-curriculum-2022,chemical
461,chest,,,**,common,중학교·고등 공통과목 권장(**),kr-curriculum-2022,chest**
462,chew,,,**,common,중학교·고등 공통과목 권장(**),kr-curriculum-2022,chew**
463,chicken,,,*,elementary,초등학교 권장(*),kr-curriculum-2022,chicken*
464,chief,,,**,common,중학교·고등 공통과목 권장(**),kr-curriculum-2022,chief**
465,child,,,*,elementary,초등학교 권장(*),kr-curriculum-2022,child*
466,chill,,,,elective,그 외 과목,kr-curriculum-2022,chill
467,chin,,,,elective,그 외 과목,kr-curriculum-2022,chin
468,chip,,,**,common,중학교·고등 공통과목 권장(**),kr-curriculum-2022,chip**
469,chocolate,,,*,elementary,초등학교 권장(*),kr-curriculum-2022,chocolate*
470,choice,,,**,common,중학교·고등 공통과목 권장(**),kr-curriculum-2022,choice**
471,choir,,,,elective,그 외 과목,kr-curriculum-2022,choir
472,choose,,,*,elementary,초등학교 권장(*),kr-curriculum-2022,choose*
473,chop,,,**,common,중학교·고등 공통과목 권장(**),kr-curriculum-2022,chop**
474,chorus,,,,elective,그 외 과목,kr-curriculum-2022,chorus
475,chronic,,,,elective,그 외 과목,kr-curriculum-2022,chronic
476,church,,,*,elementary,초등학교 권장(*),kr-curriculum-2022,church*
477,cigarette,,,**,common,중학교·고등 공통과목 권장(**),kr-curriculum-2022,cigarette**
478,cinema,,,**,common,중학교·고등 공통과목 권장(**),kr-curriculum-2022,cinema**
479,circle,,,*,elementary,초등학교 권장(*),kr-curriculum-2022,circle*
480,circulate,,,,elective,그 외 과목,kr-curriculum-2022,circulate
481,circumstance,,,**,common,중학교·고등 공통과목 권장(**),kr-curriculum-2022,circumstance**
482,cite,,,,elective,그 외 과목,kr-curriculum-2022,cite
483,citizen,,,**,common,중학교·고등 공통과목 권장(**),kr-curriculum-2022,citizen**
484,city,,,*,elementary,초등학교 권장(*),kr-curriculum-2022,city*
485,civil,,,**,common,중학교·고등 공통과목 권장(**),kr-curriculum-2022,civil**
486,claim,,,**,common,중학교·고등 공통과목 권장(**),kr-curriculum-2022,claim**
487,clap,,,,elective,그 외 과목,kr-curriculum-2022,clap
488,clash,,,,elective,그 외 과목,kr-curriculum-2022,clash
489,class,,"classic, classify",*,elementary,초등학교 권장(*),kr-curriculum-2022,"class* (classic, classify)"
490,clause,,,,elective,그 외 과목,kr-curriculum-2022,clause
491,clay,,,,elective,그 외 과목,kr-curriculum-2022,clay
492,clean,,,*,elementary,초등학교 권장(*),kr-curriculum-2022,clean*
493,clear,,clarify,*,elementary,초등학교 권장(*),kr-curriculum-2022,clear* (clarify)
494,clerk,,,**,common,중학교·고등 공통과목 권장(**),kr-curriculum-2022,clerk**
495,clever,,,*,elementary,초등학교 권장(*),kr-curriculum-2022,clever*
496,click,,,**,common,중학교·고등 공통과목 권장(**),kr-curriculum-2022,click**
497,client,,,**,common,중학교·고등 공통과목 권장(**),kr-curriculum-2022,client**
498,cliff,,,**,common,중학교·고등 공통과목 권장(**),kr-curriculum-2022,cliff**
499,climate,,,**,common,중학교·고등 공통과목 권장(**),kr-curriculum-2022,climate**
500,climb,,,*,elementary,초등학교 권장(*),kr-curriculum-2022,climb*
501,cling,,,,elective,그 외 과목,kr-curriculum-2022,cling
502,clinic,,,,elective,그 외 과목,kr-curriculum-2022,clinic
503,clip,,,**,common,중학교·고등 공통과목 권장(**),kr-curriculum-2022,clip**
504,clock,,,*,elementary,초등학교 권장(*),kr-curriculum-2022,clock*
505,close,,"disclose, enclose",*,elementary,초등학교 권장(*),kr-curriculum-2022,"close* (disclose, enclose)"
506,clothes,,,*,elementary,초등학교 권장(*),kr-curriculum-2022,clothes*
507,cloud,,,*,elementary,초등학교 권장(*),kr-curriculum-2022,cloud*
508,club,,,*,elementary,초등학교 권장(*),kr-curriculum-2022,club*
509,clue,,,**,common,중학교·고등 공통과목 권장(**),kr-curriculum-2022,clue**
510,cluster,,,,elective,그 외 과목,kr-curriculum-2022,cluster
511,coach,,,**,common,중학교·고등 공통과목 권장(**),kr-curriculum-2022,coach**
512,coal,,,**,common,중학교·고등 공통과목 권장(**),kr-curriculum-2022,coal**
513,coast,,,**,common,중학교·고등 공통과목 권장(**),kr-curriculum-2022,coast**
514,coat,,,*,elementary,초등학교 권장(*),kr-curriculum-2022,coat*
515,code,,,**,common,중학교·고등 공통과목 권장(**),kr-curriculum-2022,code**
516,coffee,,,*,elementary,초등학교 권장(*),kr-curriculum-2022,coffee*
517,coin,,,**,common,중학교·고등 공통과목 권장(**),kr-curriculum-2022,coin**
518,coincide,,,,elective,그 외 과목,kr-curriculum-2022,coincide
519,cold,,,*,elementary,초등학교 권장(*),kr-curriculum-2022,cold*
520,collaborate,,,,elective,그 외 과목,kr-curriculum-2022,collaborate
521,collapse,,,,elective,그 외 과목,kr-curriculum-2022,collapse
522,collar,,,,elective,그 외 과목,kr-curriculum-2022,collar
523,colleague,,,,elective,그 외 과목,kr-curriculum-2022,colleague
524,collect,,,*,elementary,초등학교 권장(*),kr-curriculum-2022,collect*
525,college,,,*,elementary,초등학교 권장(*),kr-curriculum-2022,college*
526,colony,,,,elective,그 외 과목,kr-curriculum-2022,colony
527,color,colour,,*,elementary,초등학교 권장(*),kr-curriculum-2022,color* / colour*
528,column,,,,elective,그 외 과목,kr-curriculum-2022,column
529,combat,,,,elective,그 외 과목,kr-curriculum-2022,combat
530,combine,,,**,common,중학교·고등 공통과목 권장(**),kr-curriculum-2022,combine**
531,come,,,*,elementary,초등학교 권장(*),kr-curriculum-2022,come*
532,comedy,,,**,common,중학교·고등 공통과목 권장(**),kr-curriculum-2022,comedy**
533,comfort,,comfortable,**,common,중학교·고등 공통과목 권장(**),kr-curriculum-2022,comfort** (comfortable)
534,comic,,,*,elementary,초등학교 권장(*),kr-curriculum-2022,comic*
535,command,,,**,common,중학교·고등 공통과목 권장(**),kr-curriculum-2022,command**
536,comment,,,**,common,중학교·고등 공통과목 권장(**),kr-curriculum-2022,comment**
537,commerce,,,**,common,중학교·고등 공통과목 권장(**),kr-curriculum-2022,commerce**
538,commit,,commission,,elective,그 외 과목,kr-curriculum-2022,commit (commission)
539,committee,,,**,common,중학교·고등 공통과목 권장(**),kr-curriculum-2022,committee**
540,commodity,,,,elective,그 외 과목,kr-curriculum-2022,commodity
541,common,,,**,common,중학교·고등 공통과목 권장(**),kr-curriculum-2022,common**
542,communicate,,communication,**,common,중학교·고등 공통과목 권장(**),kr-curriculum-2022,communicate** (communication)
543,communist,,,,elective,그 외 과목,kr-curriculum-2022,communist
544,community,,,**,common,중학교·고등 공통과목 권장(**),kr-curriculum-2022,community**
545,companion,,,,elective,그 외 과목,kr-curriculum-2022,companion
546,company,,,*,elementary,초등학교 권장(*),kr-curriculum-2022,company*
547,compare,,,**,common,중학교·고등 공통과목 권장(**),kr-curriculum-2022,compare**
548,compatible,,,,elective,그 외 과목,kr-curriculum-2022,compatible
549,compel,,,,elective,그 외 과목,kr-curriculum-2022,compel
550,compensate,,,,elective,그 외 과목,kr-curriculum-2022,compensate
551,compete,,competent,,elective,그 외 과목,kr-curriculum-2022,compete (competent)
552,compile,,,,elective,그 외 과목,kr-curriculum-2022,compile
553,complain,,,**,common,중학교·고등 공통과목 권장(**),kr-curriculum-2022,complain**
554,complement,,,,elective,그 외 과목,kr-curriculum-2022,complement
555,complete,,,**,common,중학교·고등 공통과목 권장(**),kr-curriculum-2022,complete**
556,complex,,complexity,**,common,중학교·고등 공통과목 권장(**),kr-curriculum-2022,complex** (complexity)
557,complicate,,,**,common,중학교·고등 공통과목 권장(**),kr-curriculum-2022,complicate**
558,component,,,,elective,그 외 과목,kr-curriculum-2022,component
559,compose,,,,elective,그 외 과목,kr-curriculum-2022,compose
560,compound,,,,elective,그 외 과목,kr-curriculum-2022,compound
561,comprehend,,comprehensive,,elective,그 외 과목,kr-curriculum-2022,comprehend (comprehensive)
562,comprise,,,,elective,그 외 과목,kr-curriculum-2022,comprise
563,compromise,,,,elective,그 외 과목,kr-curriculum-2022,compromise
564,compute,,computer,*,elementary,초등학교 권장(*),kr-curriculum-2022,compute* (computer)
565,conceal,,,,elective,그 외 과목,kr-curriculum-2022,conceal
566,conceive,,,,elective,그 외 과목,kr-curriculum-2022,conceive
567,concentrate,,,**,common,중학교·고등 공통과목 권장(**),kr-curriculum-2022,concentrate**
568,concept,,,**,common,중학교·고등 공통과목 권장(**),kr-curriculum-2022,concept**
569,concern,,,**,common,중학교·고등 공통과목 권장(**),kr-curriculum-2022,concern**
570,concert,,,**,common,중학교·고등 공통과목 권장(**),kr-curriculum-2022,concert**
571,conclude,,,,elective,그 외 과목,kr-curriculum-2022,conclude
572,concrete,,,,elective,그 외 과목,kr-curriculum-2022,concrete
573,condemn,,,,elective,그 외 과목,kr-curriculum-2022,condemn
574,condition,,,*,elementary,초등학교 권장(*),kr-curriculum-2022,condition*
575,conduct,,,,elective,그 외 과목,kr-curriculum-2022,conduct
576,confer,,,,elective,그 외 과목,kr-curriculum-2022,confer
577,confess,,,,elective,그 외 과목,kr-curriculum-2022,confess
578,confide,,confident,,elective,그 외 과목,kr-curriculum-2022,confide (confident)
579,confine,,,,elective,그 외 과목,kr-curriculum-2022,confine
580,confirm,,,**,common,중학교·고등 공통과목 권장(**),kr-curriculum-2022,confirm**
581,conflict,,,**,common,중학교·고등 공통과목 권장(**),kr-curriculum-2022,conflict**
582,conform,,,,elective,그 외 과목,kr-curriculum-2022,conform
583,confront,,,,elective,그 외 과목,kr-curriculum-2022,confront
584,confuse,,,**,common,중학교·고등 공통과목 권장(**),kr-curriculum-2022,confuse**
585,congratulate,,,*,elementary,초등학교 권장(*),kr-curriculum-2022,congratulate*
586,congress,,,,elective,그 외 과목,kr-curriculum-2022,congress
587,connect,,,**,common,중학교·고등 공통과목 권장(**),kr-curriculum-2022,connect**
588,conscience,,,,elective,그 외 과목,kr-curriculum-2022,conscience
589,conscious,,,**,common,중학교·고등 공통과목 권장(**),kr-curriculum-2022,conscious**
590,consent,,,,elective,그 외 과목,kr-curriculum-2022,consent
591,conserve,,,,elective,그 외 과목,kr-curriculum-2022,conserve
592,consider,,,**,common,중학교·고등 공통과목 권장(**),kr-curriculum-2022,consider**
593,consist,,consistent,,elective,그 외 과목,kr-curriculum-2022,consist (consistent)
594,constant,,,**,common,중학교·고등 공통과목 권장(**),kr-curriculum-2022,constant**
595,constitute,,constitution,,elective,그 외 과목,kr-curriculum-2022,constitute (constitution)
596,constrain,,,,elective,그 외 과목,kr-curriculum-2022,constrain
597,construct,,construction,,elective,그 외 과목,kr-curriculum-2022,construct (construction)
598,consult,,,,elective,그 외 과목,kr-curriculum-2022,consult
599,consume,,"consumer, consumption",**,common,중학교·고등 공통과목 권장(**),kr-curriculum-2022,"consume** (consumer, consumption)"
600,contact,,,**,common,중학교·고등 공통과목 권장(**),kr-curriculum-2022,contact**
601,contain,,,**,common,중학교·고등 공통과목 권장(**),kr-curriculum-2022,contain**
602,contemporary,,,,elective,그 외 과목,kr-curriculum-2022,contemporary
603,contend,,,,elective,그 외 과목,kr-curriculum-2022,contend
604,content,,,**,common,중학교·고등 공통과목 권장(**),kr-curriculum-2022,content**
605,contest,,,**,common,중학교·고등 공통과목 권장(**),kr-curriculum-2022,contest**
606,context,,,**,common,중학교·고등 공통과목 권장(**),kr-curriculum-2022,context**
607,continent,,,,elective,그 외 과목,kr-curriculum-2022,continent
608,continue,,,**,common,중학교·고등 공통과목 권장(**),kr-curriculum-2022,continue**
609,contract,,,**,common,중학교·고등 공통과목 권장(**),kr-curriculum-2022,contract**
610,contradict,,,,elective,그 외 과목,kr-curriculum-2022,contradict
611,contrary,,,,elective,그 외 과목,kr-curriculum-2022,contrary
612,contrast,,,,elective,그 외 과목,kr-curriculum-2022,contrast
613,contribute,,,**,common,중학교·고등 공통과목 권장(**),kr-curriculum-2022,contribute**
614,control,,,*,elementary,초등학교 권장(*),kr-curriculum-2022,control*
615,controversy,,,,elective,그 외 과목,kr-curriculum-2022,controversy
616,convene,,"convenient, convention",,elective,그 외 과목,kr-curriculum-2022,"convene (convenient, convention)"
617,converse,,conversation,**,common,중학교·고등 공통과목 권장(**),kr-curriculum-2022,converse** (conversation)
618,convert,,,,elective,그 외 과목,kr-curriculum-2022,convert
619,convey,,,,elective,그 외 과목,kr-curriculum-2022,convey
620,convict,,,,elective,그 외 과목,kr-curriculum-2022,convict
621,convince,,,**,common,중학교·고등 공통과목 권장(**),kr-curriculum-2022,convince**
622,cook,,,*,elementary,초등학교 권장(*),kr-curriculum-2022,cook*
623,cookie,cooky,,*,elementary,초등학교 권장(*),kr-curriculum-2022,cookie* / cooky*
624,cool,,,*,elementary,초등학교 권장(*),kr-curriculum-2022,cool*
625,cooperate,,,,elective,그 외 과목,kr-curriculum-2022,cooperate
626,coordinate,,,,elective,그 외 과목,kr-curriculum-2022,coordinate
627,cop,,,**,common,중학교·고등 공통과목 권장(**),kr-curriculum-2022,cop**
628,cope,,,**,common,중학교·고등 공통과목 권장(**),kr-curriculum-2022,cope**
629,copy,,,**,common,중학교·고등 공통과목 권장(**),kr-curriculum-2022,copy**
630,copyright,,,,elective,그 외 과목,kr-curriculum-2022,copyright
631,cord,,,,elective,그 외 과목,kr-curriculum-2022,cord
632,core,,,,elective,그 외 과목,kr-curriculum-2022,core
633,corn,,,,elective,그 외 과목,kr-curriculum-2022,corn
634,corner,,,*,elementary,초등학교 권장(*),kr-curriculum-2022,corner*
635,corporate,,corporation,,elective,그 외 과목,kr-curriculum-2022,corporate (corporation)
636,correct,,,**,common,중학교·고등 공통과목 권장(**),kr-curriculum-2022,correct**
637,correspond,,,,elective,그 외 과목,kr-curriculum-2022,correspond
638,corridor,,,,elective,그 외 과목,kr-curriculum-2022,corridor
639,corrupt,,,,elective,그 외 과목,kr-curriculum-2022,corrupt
640,cost,,,*,elementary,초등학교 권장(*),kr-curriculum-2022,cost*
641,costume,,,,elective,그 외 과목,kr-curriculum-2022,costume
642,cottage,,,**,common,중학교·고등 공통과목 권장(**),kr-curriculum-2022,cottage**
643,cotton,,,**,common,중학교·고등 공통과목 권장(**),kr-curriculum-2022,cotton**
644,cough,,,**,common,중학교·고등 공통과목 권장(**),kr-curriculum-2022,cough**
645,could,,,*,elementary,초등학교 권장(*),kr-curriculum-2022,could*
646,council,,,**,common,중학교·고등 공통과목 권장(**),kr-curriculum-2022,council**
647,counsel,,,,elective,그 외 과목,kr-curriculum-2022,counsel
648,count,,"discount, counter",**,common,중학교·고등 공통과목 권장(**),kr-curriculum-2022,"count** (discount, counter)"
649,counterpart,,,,elective,그 외 과목,kr-curriculum-2022,counterpart
650,country,,,*,elementary,초등학교 권장(*),kr-curriculum-2022,country*
651,countryside,,,**,common,중학교·고등 공통과목 권장(**),kr-curriculum-2022,countryside**
652,county,,,**,common,중학교·고등 공통과목 권장(**),kr-curriculum-2022,county**
653,couple,,,*,elementary,초등학교 권장(*),kr-curriculum-2022,couple*
654,coupon,,,,elective,그 외 과목,kr-curriculum-2022,coupon
655,courage,,"discourage, encourage",,elective,그 외 과목,kr-curriculum-2022,"courage (discourage, encourage)"
656,course,,,*,elementary,초등학교 권장(*),kr-curriculum-2022,course*
657,court,,,*,elementary,초등학교 권장(*),kr-curriculum-2022,court*
658,cousin,,,*,elementary,초등학교 권장(*),kr-curriculum-2022,cousin*
659,cover,,discover,*,elementary,초등학교 권장(*),kr-curriculum-2022,cover* (discover)
660,cow,,,*,elementary,초등학교 권장(*),kr-curriculum-2022,cow*
661,crack,,,**,common,중학교·고등 공통과목 권장(**),kr-curriculum-2022,crack**
662,craft,,,,elective,그 외 과목,kr-curriculum-2022,craft
663,crash,,,**,common,중학교·고등 공통과목 권장(**),kr-curriculum-2022,crash**
664,crawl,,,**,common,중학교·고등 공통과목 권장(**),kr-curriculum-2022,crawl**
665,crayon,,,*,elementary,초등학교 권장(*),kr-curriculum-2022,crayon*
666,craze,,crazy,,elective,그 외 과목,kr-curriculum-2022,craze (crazy)
667,cream,,,*,elementary,초등학교 권장(*),kr-curriculum-2022,cream*
668,create,,creature,**,common,중학교·고등 공통과목 권장(**),kr-curriculum-2022,create** (creature)
669,credible,,incredible,,elective,그 외 과목,kr-curriculum-2022,credible (incredible)
670,credit,,,**,common,중학교·고등 공통과목 권장(**),kr-curriculum-2022,credit**
671,creep,,,,elective,그 외 과목,kr-curriculum-2022,creep
672,crew,,,,elective,그 외 과목,kr-curriculum-2022,crew
673,crime,,criminal,**,common,중학교·고등 공통과목 권장(**),kr-curriculum-2022,crime** (criminal)
674,crisis,,,**,common,중학교·고등 공통과목 권장(**),kr-curriculum-2022,crisis**
675,crisp,,,**,common,중학교·고등 공통과목 권장(**),kr-curriculum-2022,crisp**
676,criterion,,,,elective,그 외 과목,kr-curriculum-2022,criterion
677,critic,,"criticize / criticise, criticism",,elective,그 외 과목,kr-curriculum-2022,"critic (criticize / criticise, criticism)"
678,crop,,,,elective,그 외 과목,kr-curriculum-2022,crop
679,cross,,,*,elementary,초등학교 권장(*),kr-curriculum-2022,cross*
680,crowd,,,**,common,중학교·고등 공통과목 권장(**),kr-curriculum-2022,crowd**
681,crown,,,**,common,중학교·고등 공통과목 권장(**),kr-curriculum-2022,crown**
682,crucial,,,,elective,그 외 과목,kr-curriculum-2022,crucial
683,cruel,,,**,common,중학교·고등 공통과목 권장(**),kr-curriculum-2022,cruel**
684,cruise,,,,elective,그 외 과목,kr-curriculum-2022,cruise
685,crush,,,,elective,그 외 과목,kr-curriculum-2022,crush
686,cry,,,*,elementary,초등학교 권장(*),kr-curriculum-2022,cry*
687,crystal,,,,elective,그 외 과목,kr-curriculum-2022,crystal
688,cultivate,,,,elective,그 외 과목,kr-curriculum-2022,cultivate
689,culture,,,*,elementary,초등학교 권장(*),kr-curriculum-2022,culture*
690,cup,,,*,elementary,초등학교 권장(*),kr-curriculum-2022,cup*
691,cure,,,**,common,중학교·고등 공통과목 권장(**),kr-curriculum-2022,cure**
692,curious,,curiosity,**,common,중학교·고등 공통과목 권장(**),kr-curriculum-2022,curious** (curiosity)
693,curl,,,**,common,중학교·고등 공통과목 권장(**),kr-curriculum-2022,curl**
694,currency,,,,elective,그 외 과목,kr-curriculum-2022,currency
695,current,,,**,common,중학교·고등 공통과목 권장(**),kr-curriculum-2022,current**
696,curriculum,,,,elective,그 외 과목,kr-curriculum-2022,curriculum
697,curry,,,,elective,그 외 과목,kr-curriculum-2022,curry
698,curse,,,,elective,그 외 과목,kr-curriculum-2022,curse
699,curtain,,,*,elementary,초등학교 권장(*),kr-curriculum-2022,curtain*
700,curve,,,,elective,그 외 과목,kr-curriculum-2022,curve
701,custody,,,,elective,그 외 과목,kr-curriculum-2022,custody
702,custom,,,,elective,그 외 과목,kr-curriculum-2022,custom
703,customer,,,*,elementary,초등학교 권장(*),kr-curriculum-2022,customer*
704,cut,,,*,elementary,초등학교 권장(*),kr-curriculum-2022,cut*
705,cute,,,**,common,중학교·고등 공통과목 권장(**),kr-curriculum-2022,cute**
706,cycle,,"recycle, cyclist",**,common,중학교·고등 공통과목 권장(**),kr-curriculum-2022,"cycle**(recycle, cyclist)"
707,cynical,,,,elective,그 외 과목,kr-curriculum-2022,cynical
708,dairy,,,,elective,그 외 과목,kr-curriculum-2022,dairy
709,damage,,,**,common,중학교·고등 공통과목 권장(**),kr-curriculum-2022,damage**
710,damp,,,,elective,그 외 과목,kr-curriculum-2022,damp
711,dance,,,*,elementary,초등학교 권장(*),kr-curriculum-2022,dance*
712,danger,,,*,elementary,초등학교 권장(*),kr-curriculum-2022,danger*
713,dare,,,**,common,중학교·고등 공통과목 권장(**),kr-curriculum-2022,dare**
714,dark,,,*,elementary,초등학교 권장(*),kr-curriculum-2022,dark*
715,darling,,,**,common,중학교·고등 공통과목 권장(**),kr-curriculum-2022,darling**
716,dash,,,,elective,그 외 과목,kr-curriculum-2022,dash
717,database,,,,elective,그 외 과목,kr-curriculum-2022,database
718,date,,,*,elementary,초등학교 권장(*),kr-curriculum-2022,date*
719,datum,,data,,elective,그 외 과목,kr-curriculum-2022,datum (data)
720,daughter,,,*,elementary,초등학교 권장(*),kr-curriculum-2022,daughter*
721,dawn,,,**,common,중학교·고등 공통과목 권장(**),kr-curriculum-2022,dawn**
722,day,,,*,elementary,초등학교 권장(*),kr-curriculum-2022,day*
723,dead,,,*,elementary,초등학교 권장(*),kr-curriculum-2022,dead*
724,deal,,,**,common,중학교·고등 공통과목 권장(**),kr-curriculum-2022,deal**
725,death,,,*,elementary,초등학교 권장(*),kr-curriculum-2022,death*
726,debate,,,**,common,중학교·고등 공통과목 권장(**),kr-curriculum-2022,debate**
727,debt,,,**,common,중학교·고등 공통과목 권장(**),kr-curriculum-2022,debt**
728,decade,,,,elective,그 외 과목,kr-curriculum-2022,decade
729,decay,,,,elective,그 외 과목,kr-curriculum-2022,decay
730,decent,,,,elective,그 외 과목,kr-curriculum-2022,decent
731,decide,,decision,*,elementary,초등학교 권장(*),kr-curriculum-2022,decide* (decision)
732,deck,,,**,common,중학교·고등 공통과목 권장(**),kr-curriculum-2022,deck**
733,declare,,,,elective,그 외 과목,kr-curriculum-2022,declare
734,decline,,declension,,elective,그 외 과목,kr-curriculum-2022,decline (declension)
735,decorate,,,**,common,중학교·고등 공통과목 권장(**),kr-curriculum-2022,decorate**
736,decrease,,,,elective,그 외 과목,kr-curriculum-2022,decrease
737,dedicate,,,,elective,그 외 과목,kr-curriculum-2022,dedicate
738,deep,,,*,elementary,초등학교 권장(*),kr-curriculum-2022,deep*
739,defeat,,,,elective,그 외 과목,kr-curriculum-2022,defeat
740,defend,,defendant,,elective,그 외 과목,kr-curriculum-2022,defend (defendant)
741,defense,defence,,**,common,중학교·고등 공통과목 권장(**),kr-curriculum-2022,defense** / defence**
742,deficiency,,,,elective,그 외 과목,kr-curriculum-2022,deficiency
743,deficit,,,,elective,그 외 과목,kr-curriculum-2022,deficit
744,define,,,**,common,중학교·고등 공통과목 권장(**),kr-curriculum-2022,define**
745,definite,,,**,common,중학교·고등 공통과목 권장(**),kr-curriculum-2022,definite**
746,degree,,,**,common,중학교·고등 공통과목 권장(**),kr-curriculum-2022,degree**
747,delay,,,**,common,중학교·고등 공통과목 권장(**),kr-curriculum-2022,delay**
748,delegate,,,,elective,그 외 과목,kr-curriculum-2022,delegate
749,delete,,,,elective,그 외 과목,kr-curriculum-2022,delete
750,deliberate,,,,elective,그 외 과목,kr-curriculum-2022,deliberate
751,delicate,,,,elective,그 외 과목,kr-curriculum-2022,delicate
752,delicious,,,*,elementary,초등학교 권장(*),kr-curriculum-2022,delicious*
753,delight,,,**,common,중학교·고등 공통과목 권장(**),kr-curriculum-2022,delight**
754,deliver,,,**,common,중학교·고등 공통과목 권장(**),kr-curriculum-2022,deliver**
755,demand,,,**,common,중학교·고등 공통과목 권장(**),kr-curriculum-2022,demand**
756,democracy,,,,elective,그 외 과목,kr-curriculum-2022,democracy
757,democrat,,,,elective,그 외 과목,kr-curriculum-2022,democrat
758,demon,,,,elective,그 외 과목,kr-curriculum-2022,demon
759,demonstrate,,,**,common,중학교·고등 공통과목 권장(**),kr-curriculum-2022,demonstrate**
760,dense,,,,elective,그 외 과목,kr-curriculum-2022,dense
761,dentist,,,**,common,중학교·고등 공통과목 권장(**),kr-curriculum-2022,dentist**
762,deny,,,**,common,중학교·고등 공통과목 권장(**),kr-curriculum-2022,deny**
763,depart,,"department, departure",,elective,그 외 과목,kr-curriculum-2022,"depart (department, departure)"
764,depend,,"dependence, independent",**,common,중학교·고등 공통과목 권장(**),kr-curriculum-2022,"depend** (dependence, independent)"
765,depict,,,,elective,그 외 과목,kr-curriculum-2022,depict
766,deposit,,,,elective,그 외 과목,kr-curriculum-2022,deposit
767,depress,,,**,common,중학교·고등 공통과목 권장(**),kr-curriculum-2022,depress**
768,deprive,,,,elective,그 외 과목,kr-curriculum-2022,deprive
769,derive,,,,elective,그 외 과목,kr-curriculum-2022,derive
770,descend,,,,elective,그 외 과목,kr-curriculum-2022,descend
771,describe,,description,**,common,중학교·고등 공통과목 권장(**),kr-curriculum-2022,describe** (description)
772,desert,,,**,common,중학교·고등 공통과목 권장(**),kr-curriculum-2022,desert**
773,deserve,,,**,common,중학교·고등 공통과목 권장(**),kr-curriculum-2022,deserve**
774,design,,,*,elementary,초등학교 권장(*),kr-curriculum-2022,design*
775,designate,,,,elective,그 외 과목,kr-curriculum-2022,designate
776,desire,,,**,common,중학교·고등 공통과목 권장(**),kr-curriculum-2022,desire**
777,desk,,,*,elementary,초등학교 권장(*),kr-curriculum-2022,desk*
778,despair,,,,elective,그 외 과목,kr-curriculum-2022,despair
779,desperate,,,**,common,중학교·고등 공통과목 권장(**),kr-curriculum-2022,desperate**
780,despite,,,**,common,중학교·고등 공통과목 권장(**),kr-curriculum-2022,despite**
781,destine,,destination,,elective,그 외 과목,kr-curriculum-2022,destine (destination)
782,destiny,,,,elective,그 외 과목,kr-curriculum-2022,destiny
783,destroy,,,**,common,중학교·고등 공통과목 권장(**),kr-curriculum-2022,destroy**
784,destruct,,destruction,,elective,그 외 과목,kr-curriculum-2022,destruct (destruction)
785,detach,,,,elective,그 외 과목,kr-curriculum-2022,detach
786,detail,,,**,common,중학교·고등 공통과목 권장(**),kr-curriculum-2022,detail**
787,detect,,,**,common,중학교·고등 공통과목 권장(**),kr-curriculum-2022,detect**
788,determine,,,**,common,중학교·고등 공통과목 권장(**),kr-curriculum-2022,determine**
789,develop,,,**,common,중학교·고등 공통과목 권장(**),kr-curriculum-2022,develop**
790,device,,,,elective,그 외 과목,kr-curriculum-2022,device
791,devil,,,,elective,그 외 과목,kr-curriculum-2022,devil
792,devise,,,,elective,그 외 과목,kr-curriculum-2022,devise
793,devote,,,,elective,그 외 과목,kr-curriculum-2022,devote
794,diabetes,,,,elective,그 외 과목,kr-curriculum-2022,diabetes
795,dialogue,dialog,,*,elementary,초등학교 권장(*),kr-curriculum-2022,dialogue* / dialog*
796,diary,,,**,common,중학교·고등 공통과목 권장(**),kr-curriculum-2022,diary**
797,dictate,,,,elective,그 외 과목,kr-curriculum-2022,dictate
798,dictionary,,,**,common,중학교·고등 공통과목 권장(**),kr-curriculum-2022,dictionary**
799,die,,,*,elementary,초등학교 권장(*),kr-curriculum-2022,die*
800,diet,,,**,common,중학교·고등 공통과목 권장(**),kr-curriculum-2022,diet**
801,differ,,different,,elective,그 외 과목,kr-curriculum-2022,differ (different)
802,difficult,,,*,elementary,초등학교 권장(*),kr-curriculum-2022,difficult*
803,dig,,,**,common,중학교·고등 공통과목 권장(**),kr-curriculum-2022,dig**
804,dignity,,,,elective,그 외 과목,kr-curriculum-2022,dignity
805,dimension,,,,elective,그 외 과목,kr-curriculum-2022,dimension
806,diminish,,,,elective,그 외 과목,kr-curriculum-2022,diminish
807,dine,,,,elective,그 외 과목,kr-curriculum-2022,dine
808,dinner,,,*,elementary,초등학교 권장(*),kr-curriculum-2022,dinner*
809,dip,,,,elective,그 외 과목,kr-curriculum-2022,dip
810,diplomat,,,,elective,그 외 과목,kr-curriculum-2022,diplomat
811,direct,,,**,common,중학교·고등 공통과목 권장(**),kr-curriculum-2022,direct**
812,dirt,,dirty,**,common,중학교·고등 공통과목 권장(**),kr-curriculum-2022,dirt** (dirty)
813,disappoint,,,**,common,중학교·고등 공통과목 권장(**),kr-curriculum-2022,disappoint**
814,disaster,,,,elective,그 외 과목,kr-curriculum-2022,disaster
815,disc,,disk,**,common,중학교·고등 공통과목 권장(**),kr-curriculum-2022,disc** (disk)
816,discipline,,,**,common,중학교·고등 공통과목 권장(**),kr-curriculum-2022,discipline**
817,discourse,,,,elective,그 외 과목,kr-curriculum-2022,discourse
818,discriminate,,,,elective,그 외 과목,kr-curriculum-2022,discriminate
819,discuss,,,*,elementary,초등학교 권장(*),kr-curriculum-2022,discuss*
820,disgust,,,**,common,중학교·고등 공통과목 권장(**),kr-curriculum-2022,disgust**
821,dish,,,**,common,중학교·고등 공통과목 권장(**),kr-curriculum-2022,dish**
822,dismiss,,,,elective,그 외 과목,kr-curriculum-2022,dismiss
823,display,,,**,common,중학교·고등 공통과목 권장(**),kr-curriculum-2022,display**
824,dispute,,,,elective,그 외 과목,kr-curriculum-2022,dispute
825,disrupt,,,,elective,그 외 과목,kr-curriculum-2022,disrupt
826,distance,,,**,common,중학교·고등 공통과목 권장(**),kr-curriculum-2022,distance**
827,distinct,,,,elective,그 외 과목,kr-curriculum-2022,distinct
828,distinguish,,,,elective,그 외 과목,kr-curriculum-2022,distinguish
829,distort,,,,elective,그 외 과목,kr-curriculum-2022,distort
830,distract,,,,elective,그 외 과목,kr-curriculum-2022,distract
831,distribute,,,,elective,그 외 과목,kr-curriculum-2022,distribute
832,district,,,**,common,중학교·고등 공통과목 권장(**),kr-curriculum-2022,district**
833,disturb,,,**,common,중학교·고등 공통과목 권장(**),kr-curriculum-2022,disturb**
834,dive,,,**,common,중학교·고등 공통과목 권장(**),kr-curriculum-2022,dive**
835,diverse,,,,elective,그 외 과목,kr-curriculum-2022,diverse
836,divide,,,**,common,중학교·고등 공통과목 권장(**),kr-curriculum-2022,divide**
837,divine,,,,elective,그 외 과목,kr-curriculum-2022,divine
838,divorce,,,**,common,중학교·고등 공통과목 권장(**),kr-curriculum-2022,divorce**
839,do,,,*,elementary,초등학교 권장(*),kr-curriculum-2022,do*
840,doctor,,,*,elementary,초등학교 권장(*),kr-curriculum-2022,doctor*
841,document,,,**,common,중학교·고등 공통과목 권장(**),kr-curriculum-2022,document**
842,dog,,,*,elementary,초등학교 권장(*),kr-curriculum-2022,dog*
843,doll,,,*,elementary,초등학교 권장(*),kr-curriculum-2022,doll*
844,dolphin,,,**,common,중학교·고등 공통과목 권장(**),kr-curriculum-2022,dolphin**
845,domain,,,,elective,그 외 과목,kr-curriculum-2022,domain
846,domestic,,,**,common,중학교·고등 공통과목 권장(**),kr-curriculum-2022,domestic**
847,dominate,,dominant,,elective,그 외 과목,kr-curriculum-2022,dominate (dominant)
848,donate,,,**,common,중학교·고등 공통과목 권장(**),kr-curriculum-2022,donate**
849,door,,,*,elementary,초등학교 권장(*),kr-curriculum-2022,door*
850,dose,,,,elective,그 외 과목,kr-curriculum-2022,dose
851,dot,,,,elective,그 외 과목,kr-curriculum-2022,dot
852,double,,,*,elementary,초등학교 권장(*),kr-curriculum-2022,double*
853,doubt,,,**,common,중학교·고등 공통과목 권장(**),kr-curriculum-2022,doubt**
854,doughnut,,,*,elementary,초등학교 권장(*),kr-curriculum-2022,doughnut*
855,down,,,*,elementary,초등학교 권장(*),kr-curriculum-2022,down*
856,dozen,,,**,common,중학교·고등 공통과목 권장(**),kr-curriculum-2022,dozen**
857,draft,,,,elective,그 외 과목,kr-curriculum-2022,draft
858,drag,,,**,common,중학교·고등 공통과목 권장(**),kr-curriculum-2022,drag**
859,drain,,,,elective,그 외 과목,kr-curriculum-2022,drain
860,drama,,,**,common,중학교·고등 공통과목 권장(**),kr-curriculum-2022,drama**
861,draw,,drawer,*,elementary,초등학교 권장(*),kr-curriculum-2022,draw* (drawer)
862,dread,,,,elective,그 외 과목,kr-curriculum-2022,dread
863,dream,,,*,elementary,초등학교 권장(*),kr-curriculum-2022,dream*
864,dress,,,*,elementary,초등학교 권장(*),kr-curriculum-2022,dress*
865,drill,,,,elective,그 외 과목,kr-curriculum-2022,drill
866,drink,,,*,elementary,초등학교 권장(*),kr-curriculum-2022,drink*
867,drive,,,*,elementary,초등학교 권장(*),kr-curriculum-2022,drive*
868,drop,,,*,elementary,초등학교 권장(*),kr-curriculum-2022,drop*
869,drown,,,,elective,그 외 과목,kr-curriculum-2022,drown
870,drug,,,**,common,중학교·고등 공통과목 권장(**),kr-curriculum-2022,drug**
871,drum,,,*,elementary,초등학교 권장(*),kr-curriculum-2022,drum*
872,dry,,,*,elementary,초등학교 권장(*),kr-curriculum-2022,dry*
873,dual,,,,elective,그 외 과목,kr-curriculum-2022,dual
874,duck,,,*,elementary,초등학교 권장(*),kr-curriculum-2022,duck*
875,due,,,**,common,중학교·고등 공통과목 권장(**),kr-curriculum-2022,due**
876,dull,,,,elective,그 외 과목,kr-curriculum-2022,dull
877,dump,,,**,common,중학교·고등 공통과목 권장(**),kr-curriculum-2022,dump**
878,during,,,*,elementary,초등학교 권장(*),kr-curriculum-2022,during*
879,dust,,,**,common,중학교·고등 공통과목 권장(**),kr-curriculum-2022,dust**
880,duty,,,**,common,중학교·고등 공통과목 권장(**),kr-curriculum-2022,duty**
881,dwell,,,,elective,그 외 과목,kr-curriculum-2022,dwell
882,dynamic,,,,elective,그 외 과목,kr-curriculum-2022,dynamic
883,each,,,**,common,중학교·고등 공통과목 권장(**),kr-curriculum-2022,each**
884,eager,,,,elective,그 외 과목,kr-curriculum-2022,eager
885,ear,,,*,elementary,초등학교 권장(*),kr-curriculum-2022,ear*
886,early,,,*,elementary,초등학교 권장(*),kr-curriculum-2022,early*
887,earn,,,**,common,중학교·고등 공통과목 권장(**),kr-curriculum-2022,earn**
888,earth,,,*,elementary,초등학교 권장(*),kr-curriculum-2022,earth*
889,ease,,"disease, easy",**,common,중학교·고등 공통과목 권장(**),kr-curriculum-2022,"ease** (disease, easy)"
890,east,,,*,elementary,초등학교 권장(*),kr-curriculum-2022,east*
891,eat,,,*,elementary,초등학교 권장(*),kr-curriculum-2022,eat*
892,economy,,,**,common,중학교·고등 공통과목 권장(**),kr-curriculum-2022,economy**
893,edge,,,**,common,중학교·고등 공통과목 권장(**),kr-curriculum-2022,edge**
894,edit,,,**,common,중학교·고등 공통과목 권장(**),kr-curriculum-2022,edit**
895,educate,,,**,common,중학교·고등 공통과목 권장(**),kr-curriculum-2022,educate**
896,effect,,effective,**,common,중학교·고등 공통과목 권장(**),kr-curriculum-2022,effect** (effective)
897,efficient,,,,elective,그 외 과목,kr-curriculum-2022,efficient
898,effort,,,**,common,중학교·고등 공통과목 권장(**),kr-curriculum-2022,effort**
899,egg,,,*,elementary,초등학교 권장(*),kr-curriculum-2022,egg*
900,eight,,,*,elementary,초등학교 권장(*),kr-curriculum-2022,eight*
901,either,,,**,common,중학교·고등 공통과목 권장(**),kr-curriculum-2022,either**
902,elaborate,,,,elective,그 외 과목,kr-curriculum-2022,elaborate
903,elect,,,**,common,중학교·고등 공통과목 권장(**),kr-curriculum-2022,elect**
904,electric,,,**,common,중학교·고등 공통과목 권장(**),kr-curriculum-2022,electric**
905,electronic,,,,elective,그 외 과목,kr-curriculum-2022,electronic
906,elegant,,,,elective,그 외 과목,kr-curriculum-2022,elegant
907,element,,elementary,**,common,중학교·고등 공통과목 권장(**),kr-curriculum-2022,element** (elementary)
908,elephant,,,*,elementary,초등학교 권장(*),kr-curriculum-2022,elephant*
909,elevate,,elevator,,elective,그 외 과목,kr-curriculum-2022,elevate (elevator)
910,eleven,,,*,elementary,초등학교 권장(*),kr-curriculum-2022,eleven*
911,eliminate,,,,elective,그 외 과목,kr-curriculum-2022,eliminate
912,elite,,,,elective,그 외 과목,kr-curriculum-2022,elite
913,else,,,**,common,중학교·고등 공통과목 권장(**),kr-curriculum-2022,else**
914,embarrass,,,**,common,중학교·고등 공통과목 권장(**),kr-curriculum-2022,embarrass**
915,embassy,,,,elective,그 외 과목,kr-curriculum-2022,embassy
916,embrace,,,,elective,그 외 과목,kr-curriculum-2022,embrace
917,emerge,,emergence,,elective,그 외 과목,kr-curriculum-2022,emerge (emergence)
918,emergency,,,,elective,그 외 과목,kr-curriculum-2022,emergency
919,emit,,emission,,elective,그 외 과목,kr-curriculum-2022,emit (emission)
920,emotion,,,**,common,중학교·고등 공통과목 권장(**),kr-curriculum-2022,emotion**
921,emphasis,,,,elective,그 외 과목,kr-curriculum-2022,emphasis
922,emphasize,,,**,common,중학교·고등 공통과목 권장(**),kr-curriculum-2022,emphasize**
923,empire,,,**,common,중학교·고등 공통과목 권장(**),kr-curriculum-2022,empire**
924,employ,,,**,common,중학교·고등 공통과목 권장(**),kr-curriculum-2022,employ**
925,empty,,,**,common,중학교·고등 공통과목 권장(**),kr-curriculum-2022,empty**
926,encounter,,,,elective,그 외 과목,kr-curriculum-2022,encounter
927,end,,,*,elementary,초등학교 권장(*),kr-curriculum-2022,end*
928,endure,,,,elective,그 외 과목,kr-curriculum-2022,endure
929,enemy,,,**,common,중학교·고등 공통과목 권장(**),kr-curriculum-2022,enemy**
930,energy,,,*,elementary,초등학교 권장(*),kr-curriculum-2022,energy*
931,engage,,,**,common,중학교·고등 공통과목 권장(**),kr-curriculum-2022,engage**
932,engine,,,**,common,중학교·고등 공통과목 권장(**),kr-curriculum-2022,engine**
933,engineer,,,**,common,중학교·고등 공통과목 권장(**),kr-curriculum-2022,engineer**
934,enhance,,,,elective,그 외 과목,kr-curriculum-2022,enhance
935,enormous,,,**,common,중학교·고등 공통과목 권장(**),kr-curriculum-2022,enormous**
936,enough,,,*,elementary,초등학교 권장(*),kr-curriculum-2022,enough*
937,enter,,,*,elementary,초등학교 권장(*),kr-curriculum-2022,enter*
938,enterprise,,,,elective,그 외 과목,kr-curriculum-2022,enterprise
939,entertain,,,**,common,중학교·고등 공통과목 권장(**),kr-curriculum-2022,entertain**
940,enthusiastic,,,,elective,그 외 과목,kr-curriculum-2022,enthusiastic
941,entire,,,**,common,중학교·고등 공통과목 권장(**),kr-curriculum-2022,entire**
942,entry,,,,elective,그 외 과목,kr-curriculum-2022,entry
943,envelope,,,**,common,중학교·고등 공통과목 권장(**),kr-curriculum-2022,envelope**
944,environ,,environment,,elective,그 외 과목,kr-curriculum-2022,environ (environment)
945,envy,,,,elective,그 외 과목,kr-curriculum-2022,envy
946,equal,,,**,common,중학교·고등 공통과목 권장(**),kr-curriculum-2022,equal**
947,equip,,equipment,,elective,그 외 과목,kr-curriculum-2022,equip (equipment)
948,era,,,,elective,그 외 과목,kr-curriculum-2022,era
949,erase,,eraser,,elective,그 외 과목,kr-curriculum-2022,erase (eraser)
950,erect,,,,elective,그 외 과목,kr-curriculum-2022,erect
951,err,,error,,elective,그 외 과목,kr-curriculum-2022,err (error)
952,escape,,,**,common,중학교·고등 공통과목 권장(**),kr-curriculum-2022,escape**
953,especial,,especially,**,common,중학교·고등 공통과목 권장(**),kr-curriculum-2022,especial** (especially)
954,essay,,,**,common,중학교·고등 공통과목 권장(**),kr-curriculum-2022,essay**
955,essence,,essential,,elective,그 외 과목,kr-curriculum-2022,essence (essential)
956,establish,,,**,common,중학교·고등 공통과목 권장(**),kr-curriculum-2022,establish**
957,estate,,,,elective,그 외 과목,kr-curriculum-2022,estate
958,estimate,,,**,common,중학교·고등 공통과목 권장(**),kr-curriculum-2022,estimate**
959,ethic,,ethical,,elective,그 외 과목,kr-curriculum-2022,ethic (ethical)
960,ethnic,,,,elective,그 외 과목,kr-curriculum-2022,ethnic
961,evacuate,,,,elective,그 외 과목,kr-curriculum-2022,evacuate
962,evaluate,,,,elective,그 외 과목,kr-curriculum-2022,evaluate
963,even,,,**,common,중학교·고등 공통과목 권장(**),kr-curriculum-2022,even**
964,evening,,,*,elementary,초등학교 권장(*),kr-curriculum-2022,evening*
965,event,,eventually,**,common,중학교·고등 공통과목 권장(**),kr-curriculum-2022,event** (eventually)
966,ever,,,**,common,중학교·고등 공통과목 권장(**),kr-curriculum-2022,ever**
967,every,,,*,elementary,초등학교 권장(*),kr-curriculum-2022,every*
968,evidence,,,**,common,중학교·고등 공통과목 권장(**),kr-curriculum-2022,evidence**
969,evil,,,**,common,중학교·고등 공통과목 권장(**),kr-curriculum-2022,evil**
970,evitable,,inevitable,,elective,그 외 과목,kr-curriculum-2022,evitable (inevitable)
971,evolution,,,,elective,그 외 과목,kr-curriculum-2022,evolution
972,evolve,,,,elective,그 외 과목,kr-curriculum-2022,evolve
973,exact,,,**,common,중학교·고등 공통과목 권장(**),kr-curriculum-2022,exact**
974,exaggerate,,,,elective,그 외 과목,kr-curriculum-2022,exaggerate
975,examine,,examination / exam,**,common,중학교·고등 공통과목 권장(**),kr-curriculum-2022,examine** (examination / exam)
976,example,,,*,elementary,초등학교 권장(*),kr-curriculum-2022,example*
977,exceed,,,,elective,그 외 과목,kr-curriculum-2022,exceed
978,excel,,excellent,,elective,그 외 과목,kr-curriculum-2022,excel (excellent)
979,except,,,**,common,중학교·고등 공통과목 권장(**),kr-curriculum-2022,except**
980,excess,,,,elective,그 외 과목,kr-curriculum-2022,excess
981,exchange,,,**,common,중학교·고등 공통과목 권장(**),kr-curriculum-2022,exchange**
982,excite,,,**,common,중학교·고등 공통과목 권장(**),kr-curriculum-2022,excite**
983,exclude,,exclusive,,elective,그 외 과목,kr-curriculum-2022,exclude (exclusive)
984,excuse,,,**,common,중학교·고등 공통과목 권장(**),kr-curriculum-2022,excuse**
985,executive,,,,elective,그 외 과목,kr-curriculum-2022,executive
986,exercise,,,*,elementary,초등학교 권장(*),kr-curriculum-2022,exercise*
987,exhaust,,,**,common,중학교·고등 공통과목 권장(**),kr-curriculum-2022,exhaust**
988,exhibit,,,,elective,그 외 과목,kr-curriculum-2022,exhibit
989,exist,,,**,common,중학교·고등 공통과목 권장(**),kr-curriculum-2022,exist**
990,exit,,,**,common,중학교·고등 공통과목 권장(**),kr-curriculum-2022,exit**
991,exotic,,,,elective,그 외 과목,kr-curriculum-2022,exotic
992,expand,,,**,common,중학교·고등 공통과목 권장(**),kr-curriculum-2022,expand**
993,expect,,,**,common,중학교·고등 공통과목 권장(**),kr-curriculum-2022,expect**
994,expense,,expensive,**,common,중학교·고등 공통과목 권장(**),kr-curriculum-2022,expense** (expensive)
995,experience,,,**,common,중학교·고등 공통과목 권장(**),kr-curriculum-2022,experience**
996,experiment,,,**,common,중학교·고등 공통과목 권장(**),kr-curriculum-2022,experiment**
997,expert,,,**,common,중학교·고등 공통과목 권장(**),kr-curriculum-2022,expert**
998,expertise,,,,elective,그 외 과목,kr-curriculum-2022,expertise
999,explain,,,**,common,중학교·고등 공통과목 권장(**),kr-curriculum-2022,explain**
1000,explicit,,,,elective,그 외 과목,kr-curriculum-2022,explicit
1001,explode,,,,elective,그 외 과목,kr-curriculum-2022,explode
1002,explore,,,,elective,그 외 과목,kr-curriculum-2022,explore
1003,export,,,,elective,그 외 과목,kr-curriculum-2022,export
1004,expose,,,**,common,중학교·고등 공통과목 권장(**),kr-curriculum-2022,expose**
1005,express,,,**,common,중학교·고등 공통과목 권장(**),kr-curriculum-2022,express**
1006,extend,,,**,common,중학교·고등 공통과목 권장(**),kr-curriculum-2022,extend**
1007,extent,,,,elective,그 외 과목,kr-curriculum-2022,extent
1008,external,,,,elective,그 외 과목,kr-curriculum-2022,external
1009,extinct,,,,elective,그 외 과목,kr-curriculum-2022,extinct
1010,extra,,,**,common,중학교·고등 공통과목 권장(**),kr-curriculum-2022,extra**
1011,extract,,,,elective,그 외 과목,kr-curriculum-2022,extract
1012,extraordinary,,,,elective,그 외 과목,kr-curriculum-2022,extraordinary
1013,extreme,,,**,common,중학교·고등 공통과목 권장(**),kr-curriculum-2022,extreme**
1014,eye,,,*,elementary,초등학교 권장(*),kr-curriculum-2022,eye*
1015,eyebrow,,,,elective,그 외 과목,kr-curriculum-2022,eyebrow
1016,fabric,,,,elective,그 외 과목,kr-curriculum-2022,fabric
1017,face,,,*,elementary,초등학교 권장(*),kr-curriculum-2022,face*
1018,facilitate,,,,elective,그 외 과목,kr-curriculum-2022,facilitate
1019,facility,,,,elective,그 외 과목,kr-curriculum-2022,facility
1020,fact,,factual,*,elementary,초등학교 권장(*),kr-curriculum-2022,fact* (factual)
1021,factor,,,**,common,중학교·고등 공통과목 권장(**),kr-curriculum-2022,factor**
1022,factory,,,**,common,중학교·고등 공통과목 권장(**),kr-curriculum-2022,factory**
1023,faculty,,,,elective,그 외 과목,kr-curriculum-2022,faculty
1024,fade,,,,elective,그 외 과목,kr-curriculum-2022,fade
1025,fail,,,*,elementary,초등학교 권장(*),kr-curriculum-2022,fail*
1026,faint,,,**,common,중학교·고등 공통과목 권장(**),kr-curriculum-2022,faint**
1027,fair,,,**,common,중학교·고등 공통과목 권장(**),kr-curriculum-2022,fair**
1028,faith,,,**,common,중학교·고등 공통과목 권장(**),kr-curriculum-2022,faith**
1029,fall,,,*,elementary,초등학교 권장(*),kr-curriculum-2022,fall*
1030,false,,,,elective,그 외 과목,kr-curriculum-2022,false
1031,fame,,famous,,elective,그 외 과목,kr-curriculum-2022,fame (famous)
1032,familiar,,,**,common,중학교·고등 공통과목 권장(**),kr-curriculum-2022,familiar**
1033,family,,,*,elementary,초등학교 권장(*),kr-curriculum-2022,family*
1034,fan,,,*,elementary,초등학교 권장(*),kr-curriculum-2022,fan*
1035,fancy,,,**,common,중학교·고등 공통과목 권장(**),kr-curriculum-2022,fancy**
1036,fantastic,,,**,common,중학교·고등 공통과목 권장(**),kr-curriculum-2022,fantastic**
1037,far,,,*,elementary,초등학교 권장(*),kr-curriculum-2022,far*
1038,fare,,,,elective,그 외 과목,kr-curriculum-2022,fare
1039,farm,,,*,elementary,초등학교 권장(*),kr-curriculum-2022,farm*
1040,fascinate,,,**,common,중학교·고등 공통과목 권장(**),kr-curriculum-2022,fascinate**
1041,fashion,,,**,common,중학교·고등 공통과목 권장(**),kr-curriculum-2022,fashion**
1042,fast,,,*,elementary,초등학교 권장(*),kr-curriculum-2022,fast*
1043,fasten,,,,elective,그 외 과목,kr-curriculum-2022,fasten
1044,fat,,,*,elementary,초등학교 권장(*),kr-curriculum-2022,fat*
1045,fate,,fatal,,elective,그 외 과목,kr-curriculum-2022,fate (fatal)
1046,father,,"dad, daddy",*,elementary,초등학교 권장(*),kr-curriculum-2022,"father* (dad, daddy)"
1047,fault,,,**,common,중학교·고등 공통과목 권장(**),kr-curriculum-2022,fault**
1048,favor,favour,,**,common,중학교·고등 공통과목 권장(**),kr-curriculum-2022,favor** / favour**
1049,favorite,favourite,,*,elementary,초등학교 권장(*),kr-curriculum-2022,favorite* / favourite*
1050,fear,,,**,common,중학교·고등 공통과목 권장(**),kr-curriculum-2022,fear**
1051,feature,,,**,common,중학교·고등 공통과목 권장(**),kr-curriculum-2022,feature**
1052,federal,,,,elective,그 외 과목,kr-curriculum-2022,federal
1053,fee,,,**,common,중학교·고등 공통과목 권장(**),kr-curriculum-2022,fee**
1054,feed,,,**,common,중학교·고등 공통과목 권장(**),kr-curriculum-2022,feed**
1055,feel,,,*,elementary,초등학교 권장(*),kr-curriculum-2022,feel*
1056,fellow,,,**,common,중학교·고등 공통과목 권장(**),kr-curriculum-2022,fellow**
1057,female,,,**,common,중학교·고등 공통과목 권장(**),kr-curriculum-2022,female**
1058,fence,,,**,common,중학교·고등 공통과목 권장(**),kr-curriculum-2022,fence**
1059,ferry,,,,elective,그 외 과목,kr-curriculum-2022,ferry
1060,fertile,,,,elective,그 외 과목,kr-curriculum-2022,fertile
1061,festival,,,*,elementary,초등학교 권장(*),kr-curriculum-2022,festival*
1062,fever,,,**,common,중학교·고등 공통과목 권장(**),kr-curriculum-2022,fever**
1063,few,,,**,common,중학교·고등 공통과목 권장(**),kr-curriculum-2022,few**
1064,fiber,fibre,,,elective,그 외 과목,kr-curriculum-2022,fiber / fibre
1065,fiction,,,,elective,그 외 과목,kr-curriculum-2022,fiction
1066,field,,,*,elementary,초등학교 권장(*),kr-curriculum-2022,field*
1067,fierce,,,,elective,그 외 과목,kr-curriculum-2022,fierce
1068,fight,,,*,elementary,초등학교 권장(*),kr-curriculum-2022,fight*
1069,figure,,,**,common,중학교·고등 공통과목 권장(**),kr-curriculum-2022,figure**
1070,file,,,*,elementary,초등학교 권장(*),kr-curriculum-2022,file*
1071,fill,,,*,elementary,초등학교 권장(*),kr-curriculum-2022,fill*
1072,film,,,*,elementary,초등학교 권장(*),kr-curriculum-2022,film*
1073,filter,,,,elective,그 외 과목,kr-curriculum-2022,filter
1074,final,,,**,common,중학교·고등 공통과목 권장(**),kr-curriculum-2022,final**
1075,finance,,,**,common,중학교·고등 공통과목 권장(**),kr-curriculum-2022,finance**
1076,find,,,*,elementary,초등학교 권장(*),kr-curriculum-2022,find*
1077,fine,,,*,elementary,초등학교 권장(*),kr-curriculum-2022,fine*
1078,finger,,,*,elementary,초등학교 권장(*),kr-curriculum-2022,finger*
1079,finish,,,*,elementary,초등학교 권장(*),kr-curriculum-2022,finish*
1080,finite,,,,elective,그 외 과목,kr-curriculum-2022,finite
1081,fire,,,*,elementary,초등학교 권장(*),kr-curriculum-2022,fire*
1082,firm,,,**,common,중학교·고등 공통과목 권장(**),kr-curriculum-2022,firm**
1083,first,,,*,elementary,초등학교 권장(*),kr-curriculum-2022,first*
1084,fish,,,*,elementary,초등학교 권장(*),kr-curriculum-2022,fish*
1085,fit,,,**,common,중학교·고등 공통과목 권장(**),kr-curriculum-2022,fit**
1086,five,,,*,elementary,초등학교 권장(*),kr-curriculum-2022,five*
1087,fix,,,*,elementary,초등학교 권장(*),kr-curriculum-2022,fix*
1088,flag,,,**,common,중학교·고등 공통과목 권장(**),kr-curriculum-2022,flag**
1089,flame,,,**,common,중학교·고등 공통과목 권장(**),kr-curriculum-2022,flame**
1090,flash,,,**,common,중학교·고등 공통과목 권장(**),kr-curriculum-2022,flash**
1091,flat,,,**,common,중학교·고등 공통과목 권장(**),kr-curriculum-2022,flat**
1092,flavor,flavour,,,elective,그 외 과목,kr-curriculum-2022,flavor / flavour
1093,flaw,,,,elective,그 외 과목,kr-curriculum-2022,flaw
1094,flee,,,,elective,그 외 과목,kr-curriculum-2022,flee
1095,flesh,,,,elective,그 외 과목,kr-curriculum-2022,flesh
1096,flexible,,,,elective,그 외 과목,kr-curriculum-2022,flexible
1097,flight,,,**,common,중학교·고등 공통과목 권장(**),kr-curriculum-2022,flight**
1098,flip,,,,elective,그 외 과목,kr-curriculum-2022,flip
1099,float,,,**,common,중학교·고등 공통과목 권장(**),kr-curriculum-2022,float**
1100,flock,,,,elective,그 외 과목,kr-curriculum-2022,flock
1101,flood,,,**,common,중학교·고등 공통과목 권장(**),kr-curriculum-2022,flood**
1102,floor,,,*,elementary,초등학교 권장(*),kr-curriculum-2022,floor*
1103,flourish,,,,elective,그 외 과목,kr-curriculum-2022,flourish
1104,flow,,,**,common,중학교·고등 공통과목 권장(**),kr-curriculum-2022,flow**
1105,flower,,,*,elementary,초등학교 권장(*),kr-curriculum-2022,flower*
1106,flush,,,,elective,그 외 과목,kr-curriculum-2022,flush
1107,fly,,,*,elementary,초등학교 권장(*),kr-curriculum-2022,fly*
1108,focus,,,*,elementary,초등학교 권장(*),kr-curriculum-2022,focus*
1109,fog,,,**,common,중학교·고등 공통과목 권장(**),kr-curriculum-2022,fog**
1110,fold,,,**,common,중학교·고등 공통과목 권장(**),kr-curriculum-2022,fold**
1111,folk,,,**,common,중학교·고등 공통과목 권장(**),kr-curriculum-2022,folk**
1112,follow,,,**,common,중학교·고등 공통과목 권장(**),kr-curriculum-2022,follow**
1113,fond,,,,elective,그 외 과목,kr-curriculum-2022,fond
1114,food,,,*,elementary,초등학교 권장(*),kr-curriculum-2022,food*
1115,fool,,,*,elementary,초등학교 권장(*),kr-curriculum-2022,fool*
1116,foot,,,*,elementary,초등학교 권장(*),kr-curriculum-2022,foot*
1117,football,,,*,elementary,초등학교 권장(*),kr-curriculum-2022,football*
1118,for,,,*,elementary,초등학교 권장(*),kr-curriculum-2022,for*
1119,forbid,,,,elective,그 외 과목,kr-curriculum-2022,forbid
1120,force,,enforce,**,common,중학교·고등 공통과목 권장(**),kr-curriculum-2022,force** (enforce)
1121,forecast,,,,elective,그 외 과목,kr-curriculum-2022,forecast
1122,forehead,,,,elective,그 외 과목,kr-curriculum-2022,forehead
1123,foreign,,,**,common,중학교·고등 공통과목 권장(**),kr-curriculum-2022,foreign**
1124,forest,,,*,elementary,초등학교 권장(*),kr-curriculum-2022,forest*
1125,forever,,,**,common,중학교·고등 공통과목 권장(**),kr-curriculum-2022,forever**
1126,forget,,,*,elementary,초등학교 권장(*),kr-curriculum-2022,forget*
1127,forgive,,,**,common,중학교·고등 공통과목 권장(**),kr-curriculum-2022,forgive**
1128,fork,,,*,elementary,초등학교 권장(*),kr-curriculum-2022,fork*
1129,form,,"formal, formation, informal",*,elementary,초등학교 권장(*),kr-curriculum-2022,"form* (formal, formation, informal)"
1130,format,,,,elective,그 외 과목,kr-curriculum-2022,format
1131,former,,,,elective,그 외 과목,kr-curriculum-2022,former
1132,formula,,,,elective,그 외 과목,kr-curriculum-2022,formula
1133,forth,,,**,common,중학교·고등 공통과목 권장(**),kr-curriculum-2022,forth**
1134,fortunate,,,**,common,중학교·고등 공통과목 권장(**),kr-curriculum-2022,fortunate**
1135,fortune,,,**,common,중학교·고등 공통과목 권장(**),kr-curriculum-2022,fortune**
1136,forward,,,**,common,중학교·고등 공통과목 권장(**),kr-curriculum-2022,forward**
1137,foster,,,,elective,그 외 과목,kr-curriculum-2022,foster
1138,found,,foundation,**,common,중학교·고등 공통과목 권장(**),kr-curriculum-2022,found** (foundation)
1139,fountain,,,,elective,그 외 과목,kr-curriculum-2022,fountain
1140,four,,,*,elementary,초등학교 권장(*),kr-curriculum-2022,four*
1141,fox,,,*,elementary,초등학교 권장(*),kr-curriculum-2022,fox*
1142,fraction,,,,elective,그 외 과목,kr-curriculum-2022,fraction
1143,frame,,,**,common,중학교·고등 공통과목 권장(**),kr-curriculum-2022,frame**
1144,framework,,,,elective,그 외 과목,kr-curriculum-2022,framework
1145,frankly,,,**,common,중학교·고등 공통과목 권장(**),kr-curriculum-2022,frankly**
1146,free,,,*,elementary,초등학교 권장(*),kr-curriculum-2022,free*
1147,freeze,,,**,common,중학교·고등 공통과목 권장(**),kr-curriculum-2022,freeze**
1148,frequent,,,,elective,그 외 과목,kr-curriculum-2022,frequent
1149,fresh,,,*,elementary,초등학교 권장(*),kr-curriculum-2022,fresh*
1150,friend,,friendship,*,elementary,초등학교 권장(*),kr-curriculum-2022,friend* (friendship)
1151,fright,,,**,common,중학교·고등 공통과목 권장(**),kr-curriculum-2022,fright**
1152,frog,,,**,common,중학교·고등 공통과목 권장(**),kr-curriculum-2022,frog**
1153,from,,,*,elementary,초등학교 권장(*),kr-curriculum-2022,from*
1154,front,,,*,elementary,초등학교 권장(*),kr-curriculum-2022,front*
1155,frost,,,,elective,그 외 과목,kr-curriculum-2022,frost
1156,frown,,,,elective,그 외 과목,kr-curriculum-2022,frown
1157,fruit,,,*,elementary,초등학교 권장(*),kr-curriculum-2022,fruit*
1158,frustrate,,,**,common,중학교·고등 공통과목 권장(**),kr-curriculum-2022,frustrate**
1159,fry,,,**,common,중학교·고등 공통과목 권장(**),kr-curriculum-2022,fry**
1160,fuel,,,,elective,그 외 과목,kr-curriculum-2022,fuel
1161,fulfil,,,,elective,그 외 과목,kr-curriculum-2022,fulfil
1162,full,,,*,elementary,초등학교 권장(*),kr-curriculum-2022,full*
1163,fun,,,*,elementary,초등학교 권장(*),kr-curriculum-2022,fun*
1164,function,,,**,common,중학교·고등 공통과목 권장(**),kr-curriculum-2022,function**
1165,fund,,,**,common,중학교·고등 공통과목 권장(**),kr-curriculum-2022,fund**
1166,fundamental,,,,elective,그 외 과목,kr-curriculum-2022,fundamental
1167,funeral,,,,elective,그 외 과목,kr-curriculum-2022,funeral
1168,fur,,,**,common,중학교·고등 공통과목 권장(**),kr-curriculum-2022,fur**
1169,furnish,,,,elective,그 외 과목,kr-curriculum-2022,furnish
1170,furniture,,,**,common,중학교·고등 공통과목 권장(**),kr-curriculum-2022,furniture**
1171,furthermore,,,,elective,그 외 과목,kr-curriculum-2022,furthermore
1172,fury,,furious,,elective,그 외 과목,kr-curriculum-2022,fury (furious)
1173,fuse,,,,elective,그 외 과목,kr-curriculum-2022,fuse
1174,future,,,*,elementary,초등학교 권장(*),kr-curriculum-2022,future*
1175,gain,,,**,common,중학교·고등 공통과목 권장(**),kr-curriculum-2022,gain**
1176,gallery,,,,elective,그 외 과목,kr-curriculum-2022,gallery
1177,gamble,,,,elective,그 외 과목,kr-curriculum-2022,gamble
1178,game,,,*,elementary,초등학교 권장(*),kr-curriculum-2022,game*
1179,gang,,,,elective,그 외 과목,kr-curriculum-2022,gang
1180,gap,,,,elective,그 외 과목,kr-curriculum-2022,gap
1181,garage,,,**,common,중학교·고등 공통과목 권장(**),kr-curriculum-2022,garage**
1182,garden,,,*,elementary,초등학교 권장(*),kr-curriculum-2022,garden*
1183,gas,,,*,elementary,초등학교 권장(*),kr-curriculum-2022,gas*
1184,gasoline,petrol,,,elective,그 외 과목,kr-curriculum-2022,gasoline / petrol
1185,gate,,,**,common,중학교·고등 공통과목 권장(**),kr-curriculum-2022,gate**
1186,gather,,,**,common,중학교·고등 공통과목 권장(**),kr-curriculum-2022,gather**
1187,gaze,,,,elective,그 외 과목,kr-curriculum-2022,gaze
1188,gear,,,**,common,중학교·고등 공통과목 권장(**),kr-curriculum-2022,gear**
1189,gender,,,,elective,그 외 과목,kr-curriculum-2022,gender
1190,gene,,genetic,,elective,그 외 과목,kr-curriculum-2022,gene (genetic)
1191,general,,,**,common,중학교·고등 공통과목 권장(**),kr-curriculum-2022,general**
1192,generate,,generation,,elective,그 외 과목,kr-curriculum-2022,generate (generation)
1193,generous,,,,elective,그 외 과목,kr-curriculum-2022,generous
1194,genius,,,,elective,그 외 과목,kr-curriculum-2022,genius
1195,gentle,,,**,common,중학교·고등 공통과목 권장(**),kr-curriculum-2022,gentle**
1196,gentleman,,,*,elementary,초등학교 권장(*),kr-curriculum-2022,gentleman*
1197,genuine,,,,elective,그 외 과목,kr-curriculum-2022,genuine
1198,geography,,,,elective,그 외 과목,kr-curriculum-2022,geography
1199,geology,,,,elective,그 외 과목,kr-curriculum-2022,geology
1200,gesture,,,**,common,중학교·고등 공통과목 권장(**),kr-curriculum-2022,gesture**
1201,get,,,*,elementary,초등학교 권장(*),kr-curriculum-2022,get*
1202,ghost,,,**,common,중학교·고등 공통과목 권장(**),kr-curriculum-2022,ghost**
1203,giant,,,**,common,중학교·고등 공통과목 권장(**),kr-curriculum-2022,giant**
1204,gift,,,**,common,중학교·고등 공통과목 권장(**),kr-curriculum-2022,gift**
1205,giraffe,,,**,common,중학교·고등 공통과목 권장(**),kr-curriculum-2022,giraffe**
1206,girl,,,*,elementary,초등학교 권장(*),kr-curriculum-2022,girl*
1207,give,,,*,elementary,초등학교 권장(*),kr-curriculum-2022,give*
1208,glad,,,*,elementary,초등학교 권장(*),kr-curriculum-2022,glad*
1209,glance,,,**,common,중학교·고등 공통과목 권장(**),kr-curriculum-2022,glance**
1210,glare,,,,elective,그 외 과목,kr-curriculum-2022,glare
1211,glass,,,*,elementary,초등학교 권장(*),kr-curriculum-2022,glass*
1212,globe,,global,,elective,그 외 과목,kr-curriculum-2022,globe (global)
1213,glory,,,**,common,중학교·고등 공통과목 권장(**),kr-curriculum-2022,glory**
1214,glove,,,**,common,중학교·고등 공통과목 권장(**),kr-curriculum-2022,glove**
1215,glow,,,,elective,그 외 과목,kr-curriculum-2022,glow
1216,glue,,,**,common,중학교·고등 공통과목 권장(**),kr-curriculum-2022,glue**
1217,go,,,*,elementary,초등학교 권장(*),kr-curriculum-2022,go*
1218,goal,,,*,elementary,초등학교 권장(*),kr-curriculum-2022,goal*
1219,goat,,,,elective,그 외 과목,kr-curriculum-2022,goat
1220,god,,,*,elementary,초등학교 권장(*),kr-curriculum-2022,god*
1221,gold,,,*,elementary,초등학교 권장(*),kr-curriculum-2022,gold*
1222,golf,,,**,common,중학교·고등 공통과목 권장(**),kr-curriculum-2022,golf**
1223,good,,goods,*,elementary,초등학교 권장(*),kr-curriculum-2022,good* (goods)
1224,goodbye,,bye,*,elementary,초등학교 권장(*),kr-curriculum-2022,goodbye* (bye)
1225,gorgeous,,,**,common,중학교·고등 공통과목 권장(**),kr-curriculum-2022,gorgeous**
1226,govern,,government,**,common,중학교·고등 공통과목 권장(**),kr-curriculum-2022,govern** (government)
1227,grab,,,**,common,중학교·고등 공통과목 권장(**),kr-curriculum-2022,grab**
1228,grace,,,**,common,중학교·고등 공통과목 권장(**),kr-curriculum-2022,grace**
1229,grade,,gradual,**,common,중학교·고등 공통과목 권장(**),kr-curriculum-2022,grade** (gradual)
1230,graduate,,,,elective,그 외 과목,kr-curriculum-2022,graduate
1231,grain,,,,elective,그 외 과목,kr-curriculum-2022,grain
1232,grand,,,**,common,중학교·고등 공통과목 권장(**),kr-curriculum-2022,grand**
1233,grandfather,,,*,elementary,초등학교 권장(*),kr-curriculum-2022,grandfather*
1234,grant,,,**,common,중학교·고등 공통과목 권장(**),kr-curriculum-2022,grant**
1235,grape,,,*,elementary,초등학교 권장(*),kr-curriculum-2022,grape*
1236,graph,,graphic,**,common,중학교·고등 공통과목 권장(**),kr-curriculum-2022,graph** (graphic)
1237,grasp,,,,elective,그 외 과목,kr-curriculum-2022,grasp
1238,grass,,,*,elementary,초등학교 권장(*),kr-curriculum-2022,grass*
1239,grateful,,,,elective,그 외 과목,kr-curriculum-2022,grateful
1240,grave,,,,elective,그 외 과목,kr-curriculum-2022,grave
1241,gray,grey,,*,elementary,초등학교 권장(*),kr-curriculum-2022,gray* / grey*
1242,great,,,*,elementary,초등학교 권장(*),kr-curriculum-2022,great*
1243,greed,,,,elective,그 외 과목,kr-curriculum-2022,greed
1244,green,,,*,elementary,초등학교 권장(*),kr-curriculum-2022,green*
1245,greet,,,**,common,중학교·고등 공통과목 권장(**),kr-curriculum-2022,greet**
1246,grief,,,,elective,그 외 과목,kr-curriculum-2022,grief
1247,grip,,,,elective,그 외 과목,kr-curriculum-2022,grip
1248,grocery,,,**,common,중학교·고등 공통과목 권장(**),kr-curriculum-2022,grocery**
1249,gross,,,,elective,그 외 과목,kr-curriculum-2022,gross
1250,ground,,,*,elementary,초등학교 권장(*),kr-curriculum-2022,ground*
1251,group,,,*,elementary,초등학교 권장(*),kr-curriculum-2022,group*
1252,grow,,,*,elementary,초등학교 권장(*),kr-curriculum-2022,grow*
1253,guarantee,,,**,common,중학교·고등 공통과목 권장(**),kr-curriculum-2022,guarantee**
1254,guard,,,**,common,중학교·고등 공통과목 권장(**),kr-curriculum-2022,guard**
1255,guardian,,,,elective,그 외 과목,kr-curriculum-2022,guardian
1256,guess,,,*,elementary,초등학교 권장(*),kr-curriculum-2022,guess*
1257,guest,,,**,common,중학교·고등 공통과목 권장(**),kr-curriculum-2022,guest**
1258,guide,,,**,common,중학교·고등 공통과목 권장(**),kr-curriculum-2022,guide**
1259,guideline,,,,elective,그 외 과목,kr-curriculum-2022,guideline
1260,guilt,,guilty,**,common,중학교·고등 공통과목 권장(**),kr-curriculum-2022,guilt** (guilty)
1261,guitar,,,*,elementary,초등학교 권장(*),kr-curriculum-2022,guitar*
1262,gulf,,,,elective,그 외 과목,kr-curriculum-2022,gulf
1263,gum,,,*,elementary,초등학교 권장(*),kr-curriculum-2022,gum*
1264,gun,,,**,common,중학교·고등 공통과목 권장(**),kr-curriculum-2022,gun**
1265,guy,,,*,elementary,초등학교 권장(*),kr-curriculum-2022,guy*
1266,gymnasium,gym,,,elective,그 외 과목,kr-curriculum-2022,gymnasium / gym
1267,habit,,,*,elementary,초등학교 권장(*),kr-curriculum-2022,habit*
1268,habitat,,,,elective,그 외 과목,kr-curriculum-2022,habitat
1269,hair,,,*,elementary,초등학교 권장(*),kr-curriculum-2022,hair*
1270,half,,,**,common,중학교·고등 공통과목 권장(**),kr-curriculum-2022,half**
1271,hall,,,**,common,중학교·고등 공통과목 권장(**),kr-curriculum-2022,hall**
1272,halt,,,,elective,그 외 과목,kr-curriculum-2022,halt
1273,hamburger,,,*,elementary,초등학교 권장(*),kr-curriculum-2022,hamburger*
1274,hammer,,,,elective,그 외 과목,kr-curriculum-2022,hammer
1275,hand,,,*,elementary,초등학교 권장(*),kr-curriculum-2022,hand*
1276,handicap,,,,elective,그 외 과목,kr-curriculum-2022,handicap
1277,handle,,,**,common,중학교·고등 공통과목 권장(**),kr-curriculum-2022,handle**
1278,handsome,,,**,common,중학교·고등 공통과목 권장(**),kr-curriculum-2022,handsome**
1279,hang,,,*,elementary,초등학교 권장(*),kr-curriculum-2022,hang*
1280,happen,,,**,common,중학교·고등 공통과목 권장(**),kr-curriculum-2022,happen**
1281,happy,,,*,elementary,초등학교 권장(*),kr-curriculum-2022,happy*
1282,harbor,harbour,,,elective,그 외 과목,kr-curriculum-2022,harbor / harbour
1283,hard,,hardly,*,elementary,초등학교 권장(*),kr-curriculum-2022,hard* (hardly)
1284,harm,,,**,common,중학교·고등 공통과목 권장(**),kr-curriculum-2022,harm**
1285,harmony,,harmonious,,elective,그 외 과목,kr-curriculum-2022,harmony (harmonious)
1286,harsh,,,,elective,그 외 과목,kr-curriculum-2022,harsh
1287,harvest,,,,elective,그 외 과목,kr-curriculum-2022,harvest
1288,hat,,,*,elementary,초등학교 권장(*),kr-curriculum-2022,hat*
1289,hate,,,*,elementary,초등학교 권장(*),kr-curriculum-2022,hate*
1290,haunt,,,,elective,그 외 과목,kr-curriculum-2022,haunt
1291,have,,,*,elementary,초등학교 권장(*),kr-curriculum-2022,have*
1292,hazard,,,,elective,그 외 과목,kr-curriculum-2022,hazard
1293,he,,,*,elementary,초등학교 권장(*),kr-curriculum-2022,he*
1294,head,,,*,elementary,초등학교 권장(*),kr-curriculum-2022,head*
1295,headquarters,,,,elective,그 외 과목,kr-curriculum-2022,headquarters
1296,heal,,,,elective,그 외 과목,kr-curriculum-2022,heal
1297,health,,healthy,**,common,중학교·고등 공통과목 권장(**),kr-curriculum-2022,health** (healthy)
1298,hear,,,**,common,중학교·고등 공통과목 권장(**),kr-curriculum-2022,hear**
1299,heart,,,*,elementary,초등학교 권장(*),kr-curriculum-2022,heart*
1300,heat,,,*,elementary,초등학교 권장(*),kr-curriculum-2022,heat*
1301,heaven,,,**,common,중학교·고등 공통과목 권장(**),kr-curriculum-2022,heaven**
1302,heavy,,,*,elementary,초등학교 권장(*),kr-curriculum-2022,heavy*
1303,heel,,,,elective,그 외 과목,kr-curriculum-2022,heel
1304,height,,,**,common,중학교·고등 공통과목 권장(**),kr-curriculum-2022,height**
1305,heir,,,,elective,그 외 과목,kr-curriculum-2022,heir
1306,helicopter,,,**,common,중학교·고등 공통과목 권장(**),kr-curriculum-2022,helicopter**
1307,hell,,,**,common,중학교·고등 공통과목 권장(**),kr-curriculum-2022,hell**
1308,hello,hey / hi,,*,elementary,초등학교 권장(*),kr-curriculum-2022,hello* / hey* / hi*
1309,helmet,,,*,elementary,초등학교 권장(*),kr-curriculum-2022,helmet*
1310,help,,,*,elementary,초등학교 권장(*),kr-curriculum-2022,help*
1311,hence,,,,elective,그 외 과목,kr-curriculum-2022,hence
1312,here,,,*,elementary,초등학교 권장(*),kr-curriculum-2022,here*
1313,heritage,,,,elective,그 외 과목,kr-curriculum-2022,heritage
1314,hero,,,*,elementary,초등학교 권장(*),kr-curriculum-2022,hero*
1315,hesitate,,,**,common,중학교·고등 공통과목 권장(**),kr-curriculum-2022,hesitate**
1316,hide,,,**,common,중학교·고등 공통과목 권장(**),kr-curriculum-2022,hide**
1317,hierarchy,,,,elective,그 외 과목,kr-curriculum-2022,hierarchy
1318,high,,,*,elementary,초등학교 권장(*),kr-curriculum-2022,high*
1319,highlight,,,,elective,그 외 과목,kr-curriculum-2022,highlight
1320,highway,,,**,common,중학교·고등 공통과목 권장(**),kr-curriculum-2022,highway**
1321,hike,,,*,elementary,초등학교 권장(*),kr-curriculum-2022,hike*
1322,hill,,,*,elementary,초등학교 권장(*),kr-curriculum-2022,hill*
1323,hint,,,**,common,중학교·고등 공통과목 권장(**),kr-curriculum-2022,hint**
1324,hire,,,**,common,중학교·고등 공통과목 권장(**),kr-curriculum-2022,hire**
1325,history,,,*,elementary,초등학교 권장(*),kr-curriculum-2022,history*
1326,hit,,,*,elementary,초등학교 권장(*),kr-curriculum-2022,hit*
1327,hobby,,,*,elementary,초등학교 권장(*),kr-curriculum-2022,hobby*
1328,hold,,,*,elementary,초등학교 권장(*),kr-curriculum-2022,hold*
1329,hole,,,**,common,중학교·고등 공통과목 권장(**),kr-curriculum-2022,hole**
1330,holiday,,,*,elementary,초등학교 권장(*),kr-curriculum-2022,holiday*
1331,holy,,,,elective,그 외 과목,kr-curriculum-2022,holy
1332,home,,,*,elementary,초등학교 권장(*),kr-curriculum-2022,home*
1333,homework,,,*,elementary,초등학교 권장(*),kr-curriculum-2022,homework*
1334,honest,,,*,elementary,초등학교 권장(*),kr-curriculum-2022,honest*
1335,honey,,,**,common,중학교·고등 공통과목 권장(**),kr-curriculum-2022,honey**
1336,honor,honour,,**,common,중학교·고등 공통과목 권장(**),kr-curriculum-2022,honor** / honour**
1337,hook,,,,elective,그 외 과목,kr-curriculum-2022,hook
1338,hope,,,*,elementary,초등학교 권장(*),kr-curriculum-2022,hope*
1339,horizon,,,,elective,그 외 과목,kr-curriculum-2022,horizon
1340,horror,,,,elective,그 외 과목,kr-curriculum-2022,horror
1341,horse,,,*,elementary,초등학교 권장(*),kr-curriculum-2022,horse*
1342,hospital,,,*,elementary,초등학교 권장(*),kr-curriculum-2022,hospital*
1343,host,,,,elective,그 외 과목,kr-curriculum-2022,host
1344,hostile,,,,elective,그 외 과목,kr-curriculum-2022,hostile
1345,hot,,,*,elementary,초등학교 권장(*),kr-curriculum-2022,hot*
1346,hotel,,,**,common,중학교·고등 공통과목 권장(**),kr-curriculum-2022,hotel**
1347,hour,,,*,elementary,초등학교 권장(*),kr-curriculum-2022,hour*
1348,house,,,*,elementary,초등학교 권장(*),kr-curriculum-2022,house*
1349,household,,,,elective,그 외 과목,kr-curriculum-2022,household
1350,how,,,*,elementary,초등학교 권장(*),kr-curriculum-2022,how*
1351,however,,,*,elementary,초등학교 권장(*),kr-curriculum-2022,however*
1352,hug,,,**,common,중학교·고등 공통과목 권장(**),kr-curriculum-2022,hug**
1353,huge,,,**,common,중학교·고등 공통과목 권장(**),kr-curriculum-2022,huge**
1354,human,,,*,elementary,초등학교 권장(*),kr-curriculum-2022,human*
1355,humor,humour,,**,common,중학교·고등 공통과목 권장(**),kr-curriculum-2022,humor** / humour**
1356,hundred,,,*,elementary,초등학교 권장(*),kr-curriculum-2022,hundred*
1357,hunger,,hungry,**,common,중학교·고등 공통과목 권장(**),kr-curriculum-2022,hunger** (hungry)
1358,hunt,,,*,elementary,초등학교 권장(*),kr-curriculum-2022,hunt*
1359,hurry,,,*,elementary,초등학교 권장(*),kr-curriculum-2022,hurry*
1360,hurt,,,**,common,중학교·고등 공통과목 권장(**),kr-curriculum-2022,hurt**
1361,husband,,,*,elementary,초등학교 권장(*),kr-curriculum-2022,husband*
1362,hut,,,,elective,그 외 과목,kr-curriculum-2022,hut
1363,hypothesis,,,,elective,그 외 과목,kr-curriculum-2022,hypothesis
1364,I,,,*,elementary,초등학교 권장(*),kr-curriculum-2022,I*
1365,ice,,,*,elementary,초등학교 권장(*),kr-curriculum-2022,ice*
1366,idea,,,*,elementary,초등학교 권장(*),kr-curriculum-2022,idea*
1367,ideal,,,,elective,그 외 과목,kr-curriculum-2022,ideal
1368,identical,,,,elective,그 외 과목,kr-curriculum-2022,identical
1369,identity,,identify,**,common,중학교·고등 공통과목 권장(**),kr-curriculum-2022,identity** (identify)
1370,ideology,,,,elective,그 외 과목,kr-curriculum-2022,ideology
1371,if,,,*,elementary,초등학교 권장(*),kr-curriculum-2022,if*
1372,ignore,,,**,common,중학교·고등 공통과목 권장(**),kr-curriculum-2022,ignore**
1373,ill,,,**,common,중학교·고등 공통과목 권장(**),kr-curriculum-2022,ill**
1374,illude,,illusion,,elective,그 외 과목,kr-curriculum-2022,illude (illusion)
1375,illustrate,,,**,common,중학교·고등 공통과목 권장(**),kr-curriculum-2022,illustrate**
1376,image,,,*,elementary,초등학교 권장(*),kr-curriculum-2022,image*
1377,imagine,,,**,common,중학교·고등 공통과목 권장(**),kr-curriculum-2022,imagine**
1378,imitate,,,,elective,그 외 과목,kr-curriculum-2022,imitate
1379,immediate,,,**,common,중학교·고등 공통과목 권장(**),kr-curriculum-2022,immediate**
1380,immense,,,,elective,그 외 과목,kr-curriculum-2022,immense
1381,immigrate,,,,elective,그 외 과목,kr-curriculum-2022,immigrate
1382,immune,,,,elective,그 외 과목,kr-curriculum-2022,immune
1383,impact,,,,elective,그 외 과목,kr-curriculum-2022,impact
1384,imperial,,,,elective,그 외 과목,kr-curriculum-2022,imperial
1385,implement,,,,elective,그 외 과목,kr-curriculum-2022,implement
1386,imply,,,,elective,그 외 과목,kr-curriculum-2022,imply
1387,import,,"importance, important",,elective,그 외 과목,kr-curriculum-2022,"import (importance, important)"
1388,impose,,,,elective,그 외 과목,kr-curriculum-2022,impose
1389,impress,,,**,common,중학교·고등 공통과목 권장(**),kr-curriculum-2022,impress**
1390,improve,,,**,common,중학교·고등 공통과목 권장(**),kr-curriculum-2022,improve**
1391,in,,,*,elementary,초등학교 권장(*),kr-curriculum-2022,in*
1392,incentive,,,,elective,그 외 과목,kr-curriculum-2022,incentive
1393,incident,,,,elective,그 외 과목,kr-curriculum-2022,incident
1394,incline,,,,elective,그 외 과목,kr-curriculum-2022,incline
1395,include,,,**,common,중학교·고등 공통과목 권장(**),kr-curriculum-2022,include**
1396,income,,,**,common,중학교·고등 공통과목 권장(**),kr-curriculum-2022,income**
1397,incorporate,,,,elective,그 외 과목,kr-curriculum-2022,incorporate
1398,increase,,,**,common,중학교·고등 공통과목 권장(**),kr-curriculum-2022,increase**
1399,indeed,,,**,common,중학교·고등 공통과목 권장(**),kr-curriculum-2022,indeed**
1400,index,,,,elective,그 외 과목,kr-curriculum-2022,index
1401,indicate,,,**,common,중학교·고등 공통과목 권장(**),kr-curriculum-2022,indicate**
1402,individual,,,**,common,중학교·고등 공통과목 권장(**),kr-curriculum-2022,individual**
1403,induce,,,,elective,그 외 과목,kr-curriculum-2022,induce
1404,industry,,,**,common,중학교·고등 공통과목 권장(**),kr-curriculum-2022,industry**
1405,infant,,,,elective,그 외 과목,kr-curriculum-2022,infant
1406,infect,,,,elective,그 외 과목,kr-curriculum-2022,infect
1407,infer,,inference,,elective,그 외 과목,kr-curriculum-2022,infer (inference)
1408,inflate,,,,elective,그 외 과목,kr-curriculum-2022,inflate
1409,influence,,,**,common,중학교·고등 공통과목 권장(**),kr-curriculum-2022,influence**
1410,inform,,,**,common,중학교·고등 공통과목 권장(**),kr-curriculum-2022,inform**
1411,ingredient,,,,elective,그 외 과목,kr-curriculum-2022,ingredient
1412,inhabit,,,,elective,그 외 과목,kr-curriculum-2022,inhabit
1413,inherent,,,,elective,그 외 과목,kr-curriculum-2022,inherent
1414,inhibit,,,,elective,그 외 과목,kr-curriculum-2022,inhibit
1415,initial,,,,elective,그 외 과목,kr-curriculum-2022,initial
1416,inject,,,,elective,그 외 과목,kr-curriculum-2022,inject
1417,injure,,,**,common,중학교·고등 공통과목 권장(**),kr-curriculum-2022,injure**
1418,inn,,,,elective,그 외 과목,kr-curriculum-2022,inn
1419,innocent,,,**,common,중학교·고등 공통과목 권장(**),kr-curriculum-2022,innocent**
1420,innovate,,,,elective,그 외 과목,kr-curriculum-2022,innovate
1421,input,,,,elective,그 외 과목,kr-curriculum-2022,input
1422,inquire,enquire,,,elective,그 외 과목,kr-curriculum-2022,inquire / enquire
1423,insect,,,,elective,그 외 과목,kr-curriculum-2022,insect
1424,insert,,,,elective,그 외 과목,kr-curriculum-2022,insert
1425,inside,,,*,elementary,초등학교 권장(*),kr-curriculum-2022,inside*
1426,insight,,,,elective,그 외 과목,kr-curriculum-2022,insight
1427,insist,,,**,common,중학교·고등 공통과목 권장(**),kr-curriculum-2022,insist**
1428,inspect,,,**,common,중학교·고등 공통과목 권장(**),kr-curriculum-2022,inspect**
1429,inspire,,,,elective,그 외 과목,kr-curriculum-2022,inspire
1430,install,,,,elective,그 외 과목,kr-curriculum-2022,install
1431,instance,,,**,common,중학교·고등 공통과목 권장(**),kr-curriculum-2022,instance**
1432,instant,,,**,common,중학교·고등 공통과목 권장(**),kr-curriculum-2022,instant**
1433,instead,,,**,common,중학교·고등 공통과목 권장(**),kr-curriculum-2022,instead**
1434,instinct,,,,elective,그 외 과목,kr-curriculum-2022,instinct
1435,institute,,institution,,elective,그 외 과목,kr-curriculum-2022,institute (institution)
1436,instruct,,,**,common,중학교·고등 공통과목 권장(**),kr-curriculum-2022,instruct**
1437,instrument,,,**,common,중학교·고등 공통과목 권장(**),kr-curriculum-2022,instrument**
1438,insult,,,,elective,그 외 과목,kr-curriculum-2022,insult
1439,insure,,insurance,**,common,중학교·고등 공통과목 권장(**),kr-curriculum-2022,insure** (insurance)
1440,integrate,,,,elective,그 외 과목,kr-curriculum-2022,integrate
1441,intellect,,intellectual,,elective,그 외 과목,kr-curriculum-2022,intellect (intellectual)
1442,intelligent,,,,elective,그 외 과목,kr-curriculum-2022,intelligent
1443,intend,,,**,common,중학교·고등 공통과목 권장(**),kr-curriculum-2022,intend**
1444,intense,,,**,common,중학교·고등 공통과목 권장(**),kr-curriculum-2022,intense**
1445,intent,,intention,**,common,중학교·고등 공통과목 권장(**),kr-curriculum-2022,intent** (intention)
1446,interest,,,**,common,중학교·고등 공통과목 권장(**),kr-curriculum-2022,interest**
1447,interfere,,,,elective,그 외 과목,kr-curriculum-2022,interfere
1448,interior,,,,elective,그 외 과목,kr-curriculum-2022,interior
1449,intermediate,,,,elective,그 외 과목,kr-curriculum-2022,intermediate
1450,internal,,,**,common,중학교·고등 공통과목 권장(**),kr-curriculum-2022,internal**
1451,internet,,,*,elementary,초등학교 권장(*),kr-curriculum-2022,internet*
1452,interpret,,,,elective,그 외 과목,kr-curriculum-2022,interpret
1453,interrupt,,,**,common,중학교·고등 공통과목 권장(**),kr-curriculum-2022,interrupt**
1454,interval,,,,elective,그 외 과목,kr-curriculum-2022,interval
1455,intervene,,,,elective,그 외 과목,kr-curriculum-2022,intervene
1456,intimate,,,,elective,그 외 과목,kr-curriculum-2022,intimate
1457,into,,,*,elementary,초등학교 권장(*),kr-curriculum-2022,into*
1458,intrigue,,,,elective,그 외 과목,kr-curriculum-2022,intrigue
1459,introduce,,,*,elementary,초등학교 권장(*),kr-curriculum-2022,introduce*
1460,invade,,,,elective,그 외 과목,kr-curriculum-2022,invade
1461,invent,,inventor,**,common,중학교·고등 공통과목 권장(**),kr-curriculum-2022,invent** (inventor)
1462,invest,,,**,common,중학교·고등 공통과목 권장(**),kr-curriculum-2022,invest**
1463,investigate,,,**,common,중학교·고등 공통과목 권장(**),kr-curriculum-2022,investigate**
1464,invite,,,*,elementary,초등학교 권장(*),kr-curriculum-2022,invite*
1465,involve,,,**,common,중학교·고등 공통과목 권장(**),kr-curriculum-2022,involve**
1466,iron,,,**,common,중학교·고등 공통과목 권장(**),kr-curriculum-2022,iron**
1467,irony,,,,elective,그 외 과목,kr-curriculum-2022,irony
1468,irritate,,,,elective,그 외 과목,kr-curriculum-2022,irritate
1469,island,,,**,common,중학교·고등 공통과목 권장(**),kr-curriculum-2022,island**
1470,isolate,,,,elective,그 외 과목,kr-curriculum-2022,isolate
1471,issue,,,*,elementary,초등학교 권장(*),kr-curriculum-2022,issue*
1472,it,,,*,elementary,초등학교 권장(*),kr-curriculum-2022,it*
1473,item,,,**,common,중학교·고등 공통과목 권장(**),kr-curriculum-2022,item**
1474,jacket,,,*,elementary,초등학교 권장(*),kr-curriculum-2022,jacket*
1475,jail,,,,elective,그 외 과목,kr-curriculum-2022,jail
1476,jam,,,*,elementary,초등학교 권장(*),kr-curriculum-2022,jam*
1477,jar,,,,elective,그 외 과목,kr-curriculum-2022,jar
1478,jaw,,,**,common,중학교·고등 공통과목 권장(**),kr-curriculum-2022,jaw**
1479,jeans,,,**,common,중학교·고등 공통과목 권장(**),kr-curriculum-2022,jeans**
1480,job,,,*,elementary,초등학교 권장(*),kr-curriculum-2022,job*
1481,jog,,,,elective,그 외 과목,kr-curriculum-2022,jog
1482,join,,,*,elementary,초등학교 권장(*),kr-curriculum-2022,join*
1483,joint,,,,elective,그 외 과목,kr-curriculum-2022,joint
1484,joke,,,**,common,중학교·고등 공통과목 권장(**),kr-curriculum-2022,joke**
1485,journal,,,,elective,그 외 과목,kr-curriculum-2022,journal
1486,journey,,,**,common,중학교·고등 공통과목 권장(**),kr-curriculum-2022,journey**
1487,joy,,enjoy,**,common,중학교·고등 공통과목 권장(**),kr-curriculum-2022,joy** (enjoy)
1488,judge,,,**,common,중학교·고등 공통과목 권장(**),kr-curriculum-2022,judge**
1489,juice,,,*,elementary,초등학교 권장(*),kr-curriculum-2022,juice*
1490,jump,,,*,elementary,초등학교 권장(*),kr-curriculum-2022,jump*
1491,junior,,,**,common,중학교·고등 공통과목 권장(**),kr-curriculum-2022,junior**
1492,jury,,,,elective,그 외 과목,kr-curriculum-2022,jury
1493,just,,,*,elementary,초등학교 권장(*),kr-curriculum-2022,just*
1494,justice,,,**,common,중학교·고등 공통과목 권장(**),kr-curriculum-2022,justice**
1495,keen,,,,elective,그 외 과목,kr-curriculum-2022,keen
1496,keep,,,*,elementary,초등학교 권장(*),kr-curriculum-2022,keep*
1497,key,,,*,elementary,초등학교 권장(*),kr-curriculum-2022,key*
1498,kick,,,*,elementary,초등학교 권장(*),kr-curriculum-2022,kick*
1499,kid,,,*,elementary,초등학교 권장(*),kr-curriculum-2022,kid*
1500,kill,,,*,elementary,초등학교 권장(*),kr-curriculum-2022,kill*
1501,kind,,,*,elementary,초등학교 권장(*),kr-curriculum-2022,kind*
1502,king,,,*,elementary,초등학교 권장(*),kr-curriculum-2022,king*
1503,kiss,,,*,elementary,초등학교 권장(*),kr-curriculum-2022,kiss*
1504,kit,,,,elective,그 외 과목,kr-curriculum-2022,kit
1505,kitchen,,,*,elementary,초등학교 권장(*),kr-curriculum-2022,kitchen*
1506,knee,,,**,common,중학교·고등 공통과목 권장(**),kr-curriculum-2022,knee**
1507,knife,,,*,elementary,초등학교 권장(*),kr-curriculum-2022,knife*
1508,knight,,,,elective,그 외 과목,kr-curriculum-2022,knight
1509,knock,,,**,common,중학교·고등 공통과목 권장(**),kr-curriculum-2022,knock**
1510,knot,,,,elective,그 외 과목,kr-curriculum-2022,knot
1511,know,,,*,elementary,초등학교 권장(*),kr-curriculum-2022,know*
1512,knowledge,,,**,common,중학교·고등 공통과목 권장(**),kr-curriculum-2022,knowledge**
1513,label,,,**,common,중학교·고등 공통과목 권장(**),kr-curriculum-2022,label**
1514,labor,labour,,**,common,중학교·고등 공통과목 권장(**),kr-curriculum-2022,labor** / labour**
1515,laboratory,lab,,**,common,중학교·고등 공통과목 권장(**),kr-curriculum-2022,laboratory** / lab**
1516,lack,,,**,common,중학교·고등 공통과목 권장(**),kr-curriculum-2022,lack**
1517,ladder,,,,elective,그 외 과목,kr-curriculum-2022,ladder
1518,lady,,,*,elementary,초등학교 권장(*),kr-curriculum-2022,lady*
1519,lake,,,*,elementary,초등학교 권장(*),kr-curriculum-2022,lake*
1520,lamb,,,**,common,중학교·고등 공통과목 권장(**),kr-curriculum-2022,lamb**
1521,lamp,,,**,common,중학교·고등 공통과목 권장(**),kr-curriculum-2022,lamp**
1522,land,,,*,elementary,초등학교 권장(*),kr-curriculum-2022,land*
1523,landscape,,,,elective,그 외 과목,kr-curriculum-2022,landscape
1524,lane,,,**,common,중학교·고등 공통과목 권장(**),kr-curriculum-2022,lane**
1525,language,,,**,common,중학교·고등 공통과목 권장(**),kr-curriculum-2022,language**
1526,lap,,,,elective,그 외 과목,kr-curriculum-2022,lap
1527,large,,,*,elementary,초등학교 권장(*),kr-curriculum-2022,large*
1528,laser,,,*,elementary,초등학교 권장(*),kr-curriculum-2022,laser*
1529,last,,,*,elementary,초등학교 권장(*),kr-curriculum-2022,last*
1530,late,,,*,elementary,초등학교 권장(*),kr-curriculum-2022,late*
1531,latter,,,,elective,그 외 과목,kr-curriculum-2022,latter
1532,laugh,,,**,common,중학교·고등 공통과목 권장(**),kr-curriculum-2022,laugh**
1533,launch,,,,elective,그 외 과목,kr-curriculum-2022,launch
1534,laundry,,,,elective,그 외 과목,kr-curriculum-2022,laundry
1535,law,,,**,common,중학교·고등 공통과목 권장(**),kr-curriculum-2022,law**
1536,lawn,,,**,common,중학교·고등 공통과목 권장(**),kr-curriculum-2022,lawn**
1537,lawyer,,,**,common,중학교·고등 공통과목 권장(**),kr-curriculum-2022,lawyer**
1538,lay,,layer,**,common,중학교·고등 공통과목 권장(**),kr-curriculum-2022,lay** (layer)
1539,lazy,,,*,elementary,초등학교 권장(*),kr-curriculum-2022,lazy*
1540,lead,,,**,common,중학교·고등 공통과목 권장(**),kr-curriculum-2022,lead**
1541,leaf,,,**,common,중학교·고등 공통과목 권장(**),kr-curriculum-2022,leaf**
1542,league,,,**,common,중학교·고등 공통과목 권장(**),kr-curriculum-2022,league**
1543,leak,,,,elective,그 외 과목,kr-curriculum-2022,leak
1544,lean,,,**,common,중학교·고등 공통과목 권장(**),kr-curriculum-2022,lean**
1545,leap,,,**,common,중학교·고등 공통과목 권장(**),kr-curriculum-2022,leap**
1546,learn,,,*,elementary,초등학교 권장(*),kr-curriculum-2022,learn*
1547,lease,,,,elective,그 외 과목,kr-curriculum-2022,lease
1548,leather,,,,elective,그 외 과목,kr-curriculum-2022,leather
1549,leave,,,**,common,중학교·고등 공통과목 권장(**),kr-curriculum-2022,leave**
1550,lecture,,,,elective,그 외 과목,kr-curriculum-2022,lecture
1551,left,,,*,elementary,초등학교 권장(*),kr-curriculum-2022,left*
1552,leg,,,*,elementary,초등학교 권장(*),kr-curriculum-2022,leg*
1553,legal,,,**,common,중학교·고등 공통과목 권장(**),kr-curriculum-2022,legal**
1554,legend,,,,elective,그 외 과목,kr-curriculum-2022,legend
1555,legislate,,,,elective,그 외 과목,kr-curriculum-2022,legislate
1556,legitimate,,,,elective,그 외 과목,kr-curriculum-2022,legitimate
1557,leisure,,,,elective,그 외 과목,kr-curriculum-2022,leisure
1558,lemon,,,**,common,중학교·고등 공통과목 권장(**),kr-curriculum-2022,lemon**
1559,lend,,,**,common,중학교·고등 공통과목 권장(**),kr-curriculum-2022,lend**
1560,lesson,,,*,elementary,초등학교 권장(*),kr-curriculum-2022,lesson*
1561,let,,,**,common,중학교·고등 공통과목 권장(**),kr-curriculum-2022,let**
1562,letter,,literal,*,elementary,초등학교 권장(*),kr-curriculum-2022,letter* (literal)
1563,level,,,**,common,중학교·고등 공통과목 권장(**),kr-curriculum-2022,level**
1564,liberal,,,,elective,그 외 과목,kr-curriculum-2022,liberal
1565,liberty,,,,elective,그 외 과목,kr-curriculum-2022,liberty
1566,library,,,*,elementary,초등학교 권장(*),kr-curriculum-2022,library*
1567,license,licence,,**,common,중학교·고등 공통과목 권장(**),kr-curriculum-2022,license** / licence**
1568,lid,,,**,common,중학교·고등 공통과목 권장(**),kr-curriculum-2022,lid**
1569,lie,,,*,elementary,초등학교 권장(*),kr-curriculum-2022,lie*
1570,life,,,*,elementary,초등학교 권장(*),kr-curriculum-2022,life*
1571,lift,,,**,common,중학교·고등 공통과목 권장(**),kr-curriculum-2022,lift**
1572,light,,,*,elementary,초등학교 권장(*),kr-curriculum-2022,light*
1573,like,,likely,*,elementary,초등학교 권장(*),kr-curriculum-2022,like* (likely)
1574,likewise,,,,elective,그 외 과목,kr-curriculum-2022,likewise
1575,limit,,,**,common,중학교·고등 공통과목 권장(**),kr-curriculum-2022,limit**
1576,line,,,*,elementary,초등학교 권장(*),kr-curriculum-2022,line*
1577,linguistic,,,,elective,그 외 과목,kr-curriculum-2022,linguistic
1578,link,,,**,common,중학교·고등 공통과목 권장(**),kr-curriculum-2022,link**
1579,lion,,,*,elementary,초등학교 권장(*),kr-curriculum-2022,lion*
1580,lip,,,*,elementary,초등학교 권장(*),kr-curriculum-2022,lip*
1581,liquid,,,,elective,그 외 과목,kr-curriculum-2022,liquid
1582,list,,,**,common,중학교·고등 공통과목 권장(**),kr-curriculum-2022,list**
1583,listen,,,*,elementary,초등학교 권장(*),kr-curriculum-2022,listen*
1584,literature,,,,elective,그 외 과목,kr-curriculum-2022,literature
1585,little,,,*,elementary,초등학교 권장(*),kr-curriculum-2022,little*
1586,live,,,*,elementary,초등학교 권장(*),kr-curriculum-2022,live*
1587,livingroom,,,**,common,중학교·고등 공통과목 권장(**),kr-curriculum-2022,livingroom**
1588,load,,,**,common,중학교·고등 공통과목 권장(**),kr-curriculum-2022,load**
1589,loan,,,**,common,중학교·고등 공통과목 권장(**),kr-curriculum-2022,loan**
1590,local,,,**,common,중학교·고등 공통과목 권장(**),kr-curriculum-2022,local**
1591,locate,,,**,common,중학교·고등 공통과목 권장(**),kr-curriculum-2022,locate**
1592,lock,,,**,common,중학교·고등 공통과목 권장(**),kr-curriculum-2022,lock**
1593,log,,,**,common,중학교·고등 공통과목 권장(**),kr-curriculum-2022,log**
1594,logic,,,,elective,그 외 과목,kr-curriculum-2022,logic
1595,lone,,,,elective,그 외 과목,kr-curriculum-2022,lone
1596,long,,,*,elementary,초등학교 권장(*),kr-curriculum-2022,long*
1597,look,,,*,elementary,초등학교 권장(*),kr-curriculum-2022,look*
1598,loose,,,**,common,중학교·고등 공통과목 권장(**),kr-curriculum-2022,loose**
1599,lose,,,**,common,중학교·고등 공통과목 권장(**),kr-curriculum-2022,lose**
1600,loss,,,**,common,중학교·고등 공통과목 권장(**),kr-curriculum-2022,loss**
1601,lot,,,**,common,중학교·고등 공통과목 권장(**),kr-curriculum-2022,lot**
1602,loud,,,**,common,중학교·고등 공통과목 권장(**),kr-curriculum-2022,loud**
1603,love,,,*,elementary,초등학교 권장(*),kr-curriculum-2022,love*
1604,low,,,*,elementary,초등학교 권장(*),kr-curriculum-2022,low*
1605,loyal,,,,elective,그 외 과목,kr-curriculum-2022,loyal
1606,luck,,,*,elementary,초등학교 권장(*),kr-curriculum-2022,luck*
1607,lump,,,,elective,그 외 과목,kr-curriculum-2022,lump
1608,lunch,,,*,elementary,초등학교 권장(*),kr-curriculum-2022,lunch*
1609,luxury,,,,elective,그 외 과목,kr-curriculum-2022,luxury
1610,machine,,,**,common,중학교·고등 공통과목 권장(**),kr-curriculum-2022,machine**
1611,mad,,,*,elementary,초등학교 권장(*),kr-curriculum-2022,mad*
1612,magazine,,,**,common,중학교·고등 공통과목 권장(**),kr-curriculum-2022,magazine**
1613,magic,,,**,common,중학교·고등 공통과목 권장(**),kr-curriculum-2022,magic**
1614,magnet,,,,elective,그 외 과목,kr-curriculum-2022,magnet
1615,magnificent,,,,elective,그 외 과목,kr-curriculum-2022,magnificent
1616,mail,,,*,elementary,초등학교 권장(*),kr-curriculum-2022,mail*
1617,main,,,**,common,중학교·고등 공통과목 권장(**),kr-curriculum-2022,main**
1618,maintain,,,**,common,중학교·고등 공통과목 권장(**),kr-curriculum-2022,maintain**
1619,major,,majority,**,common,중학교·고등 공통과목 권장(**),kr-curriculum-2022,major** (majority)
1620,make,,,*,elementary,초등학교 권장(*),kr-curriculum-2022,make*
1621,male,,,**,common,중학교·고등 공통과목 권장(**),kr-curriculum-2022,male**
1622,man,,,*,elementary,초등학교 권장(*),kr-curriculum-2022,man*
1623,manage,,,**,common,중학교·고등 공통과목 권장(**),kr-curriculum-2022,manage**
1624,manifest,,,,elective,그 외 과목,kr-curriculum-2022,manifest
1625,manipulate,,,,elective,그 외 과목,kr-curriculum-2022,manipulate
1626,manner,,,**,common,중학교·고등 공통과목 권장(**),kr-curriculum-2022,manner**
1627,manufacture,,,**,common,중학교·고등 공통과목 권장(**),kr-curriculum-2022,manufacture**
1628,many,,,*,elementary,초등학교 권장(*),kr-curriculum-2022,many*
1629,map,,,*,elementary,초등학교 권장(*),kr-curriculum-2022,map*
1630,marathon,,,*,elementary,초등학교 권장(*),kr-curriculum-2022,marathon*
1631,margin,,,,elective,그 외 과목,kr-curriculum-2022,margin
1632,marine,,,,elective,그 외 과목,kr-curriculum-2022,marine
1633,mark,,,**,common,중학교·고등 공통과목 권장(**),kr-curriculum-2022,mark**
1634,market,,,*,elementary,초등학교 권장(*),kr-curriculum-2022,market*
1635,marry,,,*,elementary,초등학교 권장(*),kr-curriculum-2022,marry*
1636,marvel,,,**,common,중학교·고등 공통과목 권장(**),kr-curriculum-2022,marvel**
1637,mask,,,**,common,중학교·고등 공통과목 권장(**),kr-curriculum-2022,mask**
1638,mass,,,**,common,중학교·고등 공통과목 권장(**),kr-curriculum-2022,mass**
1639,master,,,**,common,중학교·고등 공통과목 권장(**),kr-curriculum-2022,master**
1640,match,,,**,common,중학교·고등 공통과목 권장(**),kr-curriculum-2022,match**
1641,mate,,,**,common,중학교·고등 공통과목 권장(**),kr-curriculum-2022,mate**
1642,mathematics,maths / math,,*,elementary,초등학교 권장(*),kr-curriculum-2022,mathematics* / maths* / math*
1643,matter,,material,**,common,중학교·고등 공통과목 권장(**),kr-curriculum-2022,matter** (material)
1644,mature,,,,elective,그 외 과목,kr-curriculum-2022,mature
1645,maximum,,,**,common,중학교·고등 공통과목 권장(**),kr-curriculum-2022,maximum**
1646,may,,,*,elementary,초등학교 권장(*),kr-curriculum-2022,may*
1647,maybe,,,**,common,중학교·고등 공통과목 권장(**),kr-curriculum-2022,maybe**
1648,mayor,,,,elective,그 외 과목,kr-curriculum-2022,mayor
1649,meal,,,**,common,중학교·고등 공통과목 권장(**),kr-curriculum-2022,meal**
1650,mean,,,**,common,중학교·고등 공통과목 권장(**),kr-curriculum-2022,mean**
1651,meanwhile,,,,elective,그 외 과목,kr-curriculum-2022,meanwhile
1652,measure,,,**,common,중학교·고등 공통과목 권장(**),kr-curriculum-2022,measure**
1653,meat,,,*,elementary,초등학교 권장(*),kr-curriculum-2022,meat*
1654,mechanic,,,,elective,그 외 과목,kr-curriculum-2022,mechanic
1655,mechanism,,,,elective,그 외 과목,kr-curriculum-2022,mechanism
1656,medal,,,*,elementary,초등학교 권장(*),kr-curriculum-2022,medal*
1657,mediate,,,,elective,그 외 과목,kr-curriculum-2022,mediate
1658,medical,,,**,common,중학교·고등 공통과목 권장(**),kr-curriculum-2022,medical**
1659,medicine,,,**,common,중학교·고등 공통과목 권장(**),kr-curriculum-2022,medicine**
1660,medieval,,,,elective,그 외 과목,kr-curriculum-2022,medieval
1661,medium,,media,,elective,그 외 과목,kr-curriculum-2022,medium (media)
1662,meet,,,*,elementary,초등학교 권장(*),kr-curriculum-2022,meet*
1663,melon,,,**,common,중학교·고등 공통과목 권장(**),kr-curriculum-2022,melon**
1664,melt,,,**,common,중학교·고등 공통과목 권장(**),kr-curriculum-2022,melt**
1665,member,,membership,*,elementary,초등학교 권장(*),kr-curriculum-2022,member* (membership)
1666,memory,,,*,elementary,초등학교 권장(*),kr-curriculum-2022,memory*
1667,mental,,,**,common,중학교·고등 공통과목 권장(**),kr-curriculum-2022,mental**
1668,mention,,,**,common,중학교·고등 공통과목 권장(**),kr-curriculum-2022,mention**
1669,menu,,,**,common,중학교·고등 공통과목 권장(**),kr-curriculum-2022,menu**
1670,merchant,,,,elective,그 외 과목,kr-curriculum-2022,merchant
1671,mere,,,,elective,그 외 과목,kr-curriculum-2022,mere
1672,merge,,,,elective,그 외 과목,kr-curriculum-2022,merge
1673,merit,,,,elective,그 외 과목,kr-curriculum-2022,merit
1674,mess,,,**,common,중학교·고등 공통과목 권장(**),kr-curriculum-2022,mess**
1675,message,,,**,common,중학교·고등 공통과목 권장(**),kr-curriculum-2022,message**
1676,metal,,,**,common,중학교·고등 공통과목 권장(**),kr-curriculum-2022,metal**
1677,method,,,**,common,중학교·고등 공통과목 권장(**),kr-curriculum-2022,method**
1678,metropolitan,,,,elective,그 외 과목,kr-curriculum-2022,metropolitan
1679,microphone,,,,elective,그 외 과목,kr-curriculum-2022,microphone
1680,microwave,,,**,common,중학교·고등 공통과목 권장(**),kr-curriculum-2022,microwave**
1681,middle,,,*,elementary,초등학교 권장(*),kr-curriculum-2022,middle*
1682,might,,,*,elementary,초등학교 권장(*),kr-curriculum-2022,might*
1683,migrate,,migrant,,elective,그 외 과목,kr-curriculum-2022,migrate (migrant)
1684,mild,,,,elective,그 외 과목,kr-curriculum-2022,mild
1685,military,,,**,common,중학교·고등 공통과목 권장(**),kr-curriculum-2022,military**
1686,milk,,,*,elementary,초등학교 권장(*),kr-curriculum-2022,milk*
1687,mill,,,**,common,중학교·고등 공통과목 권장(**),kr-curriculum-2022,mill**
1688,million,,,,elective,그 외 과목,kr-curriculum-2022,million
1689,mind,,,*,elementary,초등학교 권장(*),kr-curriculum-2022,mind*
1690,mine,,miner,,elective,그 외 과목,kr-curriculum-2022,mine (miner)
1691,mineral,,,,elective,그 외 과목,kr-curriculum-2022,mineral
1692,minimal,,,,elective,그 외 과목,kr-curriculum-2022,minimal
1693,minimum,,,,elective,그 외 과목,kr-curriculum-2022,minimum
1694,ministry,,,,elective,그 외 과목,kr-curriculum-2022,ministry
1695,minor,,,**,common,중학교·고등 공통과목 권장(**),kr-curriculum-2022,minor**
1696,minute,,,**,common,중학교·고등 공통과목 권장(**),kr-curriculum-2022,minute**
1697,miracle,,,,elective,그 외 과목,kr-curriculum-2022,miracle
1698,mirror,,,**,common,중학교·고등 공통과목 권장(**),kr-curriculum-2022,mirror**
1699,miss,,,*,elementary,초등학교 권장(*),kr-curriculum-2022,miss*
1700,missile,,,,elective,그 외 과목,kr-curriculum-2022,missile
1701,mission,,,**,common,중학교·고등 공통과목 권장(**),kr-curriculum-2022,mission**
1702,mix,,,**,common,중학교·고등 공통과목 권장(**),kr-curriculum-2022,mix**
1703,mobile,,,,elective,그 외 과목,kr-curriculum-2022,mobile
1704,mock,,,,elective,그 외 과목,kr-curriculum-2022,mock
1705,mode,,,,elective,그 외 과목,kr-curriculum-2022,mode
1706,modify,,,,elective,그 외 과목,kr-curriculum-2022,modify
1707,model,,,*,elementary,초등학교 권장(*),kr-curriculum-2022,model*
1708,moderate,,,,elective,그 외 과목,kr-curriculum-2022,moderate
1709,modern,,,**,common,중학교·고등 공통과목 권장(**),kr-curriculum-2022,modern**
1710,modest,,,,elective,그 외 과목,kr-curriculum-2022,modest
1711,moist,,moisture,,elective,그 외 과목,kr-curriculum-2022,moist (moisture)
1712,molecule,,,,elective,그 외 과목,kr-curriculum-2022,molecule
1713,moment,,,**,common,중학교·고등 공통과목 권장(**),kr-curriculum-2022,moment**
1714,money,,,*,elementary,초등학교 권장(*),kr-curriculum-2022,money*
1715,monitor,,,**,common,중학교·고등 공통과목 권장(**),kr-curriculum-2022,monitor**
1716,monkey,,,*,elementary,초등학교 권장(*),kr-curriculum-2022,monkey*
1717,monster,,,,elective,그 외 과목,kr-curriculum-2022,monster
1718,month,,,*,elementary,초등학교 권장(*),kr-curriculum-2022,month*
1719,monument,,,,elective,그 외 과목,kr-curriculum-2022,monument
1720,mood,,,**,common,중학교·고등 공통과목 권장(**),kr-curriculum-2022,mood**
1721,moon,,half-moon,*,elementary,초등학교 권장(*),kr-curriculum-2022,moon* (half-moon)
1722,moral,,,**,common,중학교·고등 공통과목 권장(**),kr-curriculum-2022,moral**
1723,moreover,,,**,common,중학교·고등 공통과목 권장(**),kr-curriculum-2022,moreover**
1724,morning,,,*,elementary,초등학교 권장(*),kr-curriculum-2022,morning*
1725,mortal,,,,elective,그 외 과목,kr-curriculum-2022,mortal
1726,mother,,"mom, mommy",*,elementary,초등학교 권장(*),kr-curriculum-2022,"mother* (mom, mommy)"
1727,motion,,,**,common,중학교·고등 공통과목 권장(**),kr-curriculum-2022,motion**
1728,motive,,,,elective,그 외 과목,kr-curriculum-2022,motive
1729,motor,,,**,common,중학교·고등 공통과목 권장(**),kr-curriculum-2022,motor**
1730,mount,,,**,common,중학교·고등 공통과목 권장(**),kr-curriculum-2022,mount**
1731,mountain,,,*,elementary,초등학교 권장(*),kr-curriculum-2022,mountain*
1732,mouse,,,*,elementary,초등학교 권장(*),kr-curriculum-2022,mouse*
1733,mouth,,,*,elementary,초등학교 권장(*),kr-curriculum-2022,mouth*
1734,move,,,*,elementary,초등학교 권장(*),kr-curriculum-2022,move*
1735,movie,,,*,elementary,초등학교 권장(*),kr-curriculum-2022,movie*
1736,much,,,*,elementary,초등학교 권장(*),kr-curriculum-2022,much*
1737,mud,,,**,common,중학교·고등 공통과목 권장(**),kr-curriculum-2022,mud**
1738,multiple,,,,elective,그 외 과목,kr-curriculum-2022,multiple
1739,murder,,,,elective,그 외 과목,kr-curriculum-2022,murder
1740,muscle,,,**,common,중학교·고등 공통과목 권장(**),kr-curriculum-2022,muscle**
1741,museum,,,**,common,중학교·고등 공통과목 권장(**),kr-curriculum-2022,museum**
1742,mushroom,,,**,common,중학교·고등 공통과목 권장(**),kr-curriculum-2022,mushroom**
1743,music,,,*,elementary,초등학교 권장(*),kr-curriculum-2022,music*
1744,must,,,*,elementary,초등학교 권장(*),kr-curriculum-2022,must*
1745,mutual,,,,elective,그 외 과목,kr-curriculum-2022,mutual
1746,mystery,,,**,common,중학교·고등 공통과목 권장(**),kr-curriculum-2022,mystery**
1747,myth,,,,elective,그 외 과목,kr-curriculum-2022,myth
1748,nail,,,**,common,중학교·고등 공통과목 권장(**),kr-curriculum-2022,nail**
1749,naive,,,,elective,그 외 과목,kr-curriculum-2022,naive
1750,naked,,,,elective,그 외 과목,kr-curriculum-2022,naked
1751,name,,,*,elementary,초등학교 권장(*),kr-curriculum-2022,name*
1752,narrate,,,,elective,그 외 과목,kr-curriculum-2022,narrate
1753,narrow,,,**,common,중학교·고등 공통과목 권장(**),kr-curriculum-2022,narrow**
1754,nasty,,,,elective,그 외 과목,kr-curriculum-2022,nasty
1755,nation,,international,*,elementary,초등학교 권장(*),kr-curriculum-2022,nation* (international)
1756,native,,,**,common,중학교·고등 공통과목 권장(**),kr-curriculum-2022,native**
1757,nature,,,*,elementary,초등학교 권장(*),kr-curriculum-2022,nature*
1758,navy,,,**,common,중학교·고등 공통과목 권장(**),kr-curriculum-2022,navy**
1759,near,,,*,elementary,초등학교 권장(*),kr-curriculum-2022,near*
1760,neat,,,**,common,중학교·고등 공통과목 권장(**),kr-curriculum-2022,neat**
1761,necessary,,,**,common,중학교·고등 공통과목 권장(**),kr-curriculum-2022,necessary**
1762,neck,,,*,elementary,초등학교 권장(*),kr-curriculum-2022,neck*
1763,need,,,*,elementary,초등학교 권장(*),kr-curriculum-2022,need*
1764,needle,,,,elective,그 외 과목,kr-curriculum-2022,needle
1765,negate,,negative,,elective,그 외 과목,kr-curriculum-2022,negate (negative)
1766,neglect,,,,elective,그 외 과목,kr-curriculum-2022,neglect
1767,negotiate,,,,elective,그 외 과목,kr-curriculum-2022,negotiate
1768,neighbor,neighbour,,**,common,중학교·고등 공통과목 권장(**),kr-curriculum-2022,neighbor** / neighbour**
1769,neither,,,**,common,중학교·고등 공통과목 권장(**),kr-curriculum-2022,neither**
1770,nephew,,,,elective,그 외 과목,kr-curriculum-2022,nephew
1771,nerve,,nervous,**,common,중학교·고등 공통과목 권장(**),kr-curriculum-2022,nerve** (nervous)
1772,nest,,,**,common,중학교·고등 공통과목 권장(**),kr-curriculum-2022,nest**
1773,net,,,**,common,중학교·고등 공통과목 권장(**),kr-curriculum-2022,net**
1774,network,,,,elective,그 외 과목,kr-curriculum-2022,network
1775,neutral,,,,elective,그 외 과목,kr-curriculum-2022,neutral
1776,never,,,*,elementary,초등학교 권장(*),kr-curriculum-2022,never*
1777,nevertheless,,,,elective,그 외 과목,kr-curriculum-2022,nevertheless
1778,new,,,*,elementary,초등학교 권장(*),kr-curriculum-2022,new*
1779,news,,,*,elementary,초등학교 권장(*),kr-curriculum-2022,news*
1780,newspaper,,,*,elementary,초등학교 권장(*),kr-curriculum-2022,newspaper*
1781,next,,,*,elementary,초등학교 권장(*),kr-curriculum-2022,next*
1782,nice,,,*,elementary,초등학교 권장(*),kr-curriculum-2022,nice*
1783,night,,,*,elementary,초등학교 권장(*),kr-curriculum-2022,night*
1784,nightmare,,,,elective,그 외 과목,kr-curriculum-2022,nightmare
1785,nine,,,*,elementary,초등학교 권장(*),kr-curriculum-2022,nine*
1786,no,nope / nay,,*,elementary,초등학교 권장(*),kr-curriculum-2022,no* / nope* / nay*
1787,noble,,,,elective,그 외 과목,kr-curriculum-2022,noble
1788,nod,,,,elective,그 외 과목,kr-curriculum-2022,nod
1789,noise,,,**,common,중학교·고등 공통과목 권장(**),kr-curriculum-2022,noise**
1790,nominate,,,,elective,그 외 과목,kr-curriculum-2022,nominate
1791,none,,,**,common,중학교·고등 공통과목 권장(**),kr-curriculum-2022,none**
1792,nonetheless,,,,elective,그 외 과목,kr-curriculum-2022,nonetheless
1793,noon,,,**,common,중학교·고등 공통과목 권장(**),kr-curriculum-2022,noon**
1794,nor,,,**,common,중학교·고등 공통과목 권장(**),kr-curriculum-2022,nor**
1795,norm,,normal,,elective,그 외 과목,kr-curriculum-2022,norm (normal)
1796,north,,,*,elementary,초등학교 권장(*),kr-curriculum-2022,north*
1797,nose,,,*,elementary,초등학교 권장(*),kr-curriculum-2022,nose*
1798,not,,,*,elementary,초등학교 권장(*),kr-curriculum-2022,not*
1799,note,,notion,*,elementary,초등학교 권장(*),kr-curriculum-2022,note* (notion)
1800,notebook,,,*,elementary,초등학교 권장(*),kr-curriculum-2022,notebook*
1801,nothing,,,*,elementary,초등학교 권장(*),kr-curriculum-2022,nothing*
1802,notice,,,**,common,중학교·고등 공통과목 권장(**),kr-curriculum-2022,notice**
1803,novel,,,,elective,그 외 과목,kr-curriculum-2022,novel
1804,now,,,*,elementary,초등학교 권장(*),kr-curriculum-2022,now*
1805,nowadays,,,**,common,중학교·고등 공통과목 권장(**),kr-curriculum-2022,nowadays**
1806,nowhere,,,**,common,중학교·고등 공통과목 권장(**),kr-curriculum-2022,nowhere**
1807,nuclear,,,,elective,그 외 과목,kr-curriculum-2022,nuclear
1808,number,,,*,elementary,초등학교 권장(*),kr-curriculum-2022,number*
1809,numerous,,,,elective,그 외 과목,kr-curriculum-2022,numerous
1810,nurse,,,*,elementary,초등학교 권장(*),kr-curriculum-2022,nurse*
1811,nut,,,**,common,중학교·고등 공통과목 권장(**),kr-curriculum-2022,nut**
1812,oak,,,**,common,중학교·고등 공통과목 권장(**),kr-curriculum-2022,oak**
1813,obey,,,,elective,그 외 과목,kr-curriculum-2022,obey
1814,object,,objective,**,common,중학교·고등 공통과목 권장(**),kr-curriculum-2022,object** (objective)
1815,oblige,,,,elective,그 외 과목,kr-curriculum-2022,oblige
1816,observe,,,**,common,중학교·고등 공통과목 권장(**),kr-curriculum-2022,observe**
1817,obsess,,,,elective,그 외 과목,kr-curriculum-2022,obsess
1818,obtain,,,,elective,그 외 과목,kr-curriculum-2022,obtain
1819,obvious,,,**,common,중학교·고등 공통과목 권장(**),kr-curriculum-2022,obvious**
1820,occasion,,,**,common,중학교·고등 공통과목 권장(**),kr-curriculum-2022,occasion**
1821,occupy,,occupation,,elective,그 외 과목,kr-curriculum-2022,occupy (occupation)
1822,occur,,occurrence,**,common,중학교·고등 공통과목 권장(**),kr-curriculum-2022,occur** (occurrence)
1823,ocean,,,**,common,중학교·고등 공통과목 권장(**),kr-curriculum-2022,ocean**
1824,odd,,,**,common,중학교·고등 공통과목 권장(**),kr-curriculum-2022,odd**
1825,of,,,*,elementary,초등학교 권장(*),kr-curriculum-2022,of*
1826,off,,,*,elementary,초등학교 권장(*),kr-curriculum-2022,off*
1827,offend,,,,elective,그 외 과목,kr-curriculum-2022,offend
1828,offer,,,**,common,중학교·고등 공통과목 권장(**),kr-curriculum-2022,offer**
1829,office,,official,*,elementary,초등학교 권장(*),kr-curriculum-2022,office* (official)
1830,officer,,,**,common,중학교·고등 공통과목 권장(**),kr-curriculum-2022,officer**
1831,often,,,*,elementary,초등학교 권장(*),kr-curriculum-2022,often*
1832,oil,,,*,elementary,초등학교 권장(*),kr-curriculum-2022,oil*
1833,okay,okey / OK,,*,elementary,초등학교 권장(*),kr-curriculum-2022,okay* / okey* / OK*
1834,old,,,*,elementary,초등학교 권장(*),kr-curriculum-2022,old*
1835,on,,,*,elementary,초등학교 권장(*),kr-curriculum-2022,on*
1836,once,,,**,common,중학교·고등 공통과목 권장(**),kr-curriculum-2022,once**
1837,one,,,*,elementary,초등학교 권장(*),kr-curriculum-2022,one*
1838,only,,,*,elementary,초등학교 권장(*),kr-curriculum-2022,only*
1839,open,,,*,elementary,초등학교 권장(*),kr-curriculum-2022,open*
1840,opera,,,**,common,중학교·고등 공통과목 권장(**),kr-curriculum-2022,opera**
1841,operate,,,**,common,중학교·고등 공통과목 권장(**),kr-curriculum-2022,operate**
1842,opinion,,,**,common,중학교·고등 공통과목 권장(**),kr-curriculum-2022,opinion**
1843,opportune,,opportunity,,elective,그 외 과목,kr-curriculum-2022,opportune (opportunity)
1844,oppose,,,**,common,중학교·고등 공통과목 권장(**),kr-curriculum-2022,oppose**
1845,opt,,option,,elective,그 외 과목,kr-curriculum-2022,opt (option)
1846,optimist,,,,elective,그 외 과목,kr-curriculum-2022,optimist
1847,or,,,*,elementary,초등학교 권장(*),kr-curriculum-2022,or*
1848,oral,,,,elective,그 외 과목,kr-curriculum-2022,oral
1849,orange,,,*,elementary,초등학교 권장(*),kr-curriculum-2022,orange*
1850,orbit,,,,elective,그 외 과목,kr-curriculum-2022,orbit
1851,orchestra,,,,elective,그 외 과목,kr-curriculum-2022,orchestra
1852,order,,disorder,**,common,중학교·고등 공통과목 권장(**),kr-curriculum-2022,order** (disorder)
1853,ordinary,,,**,common,중학교·고등 공통과목 권장(**),kr-curriculum-2022,ordinary**
1854,organ,,"organic, organize / organise",,elective,그 외 과목,kr-curriculum-2022,"organ (organic, organize / organise)"
1855,orient,,orientation,,elective,그 외 과목,kr-curriculum-2022,orient (orientation)
1856,origin,,original,,elective,그 외 과목,kr-curriculum-2022,origin (original)
1857,other,,,**,common,중학교·고등 공통과목 권장(**),kr-curriculum-2022,other**
1858,otherwise,,,**,common,중학교·고등 공통과목 권장(**),kr-curriculum-2022,otherwise**
1859,ought,,,**,common,중학교·고등 공통과목 권장(**),kr-curriculum-2022,ought**
1860,out,,,*,elementary,초등학교 권장(*),kr-curriculum-2022,out*
1861,outcome,,,,elective,그 외 과목,kr-curriculum-2022,outcome
1862,outline,,,,elective,그 외 과목,kr-curriculum-2022,outline
1863,output,,,,elective,그 외 과목,kr-curriculum-2022,output
1864,outrage,,,,elective,그 외 과목,kr-curriculum-2022,outrage
1865,outstanding,,,,elective,그 외 과목,kr-curriculum-2022,outstanding
1866,oven,,,**,common,중학교·고등 공통과목 권장(**),kr-curriculum-2022,oven**
1867,over,,,*,elementary,초등학교 권장(*),kr-curriculum-2022,over*
1868,overall,,,**,common,중학교·고등 공통과목 권장(**),kr-curriculum-2022,overall**
1869,overcome,,,,elective,그 외 과목,kr-curriculum-2022,overcome
1870,overhead,,,,elective,그 외 과목,kr-curriculum-2022,overhead
1871,overlap,,,,elective,그 외 과목,kr-curriculum-2022,overlap
1872,overlook,,,,elective,그 외 과목,kr-curriculum-2022,overlook
1873,overnight,,,,elective,그 외 과목,kr-curriculum-2022,overnight
1874,oversea,overseas,,,elective,그 외 과목,kr-curriculum-2022,oversea / overseas
1875,overwhelm,,,,elective,그 외 과목,kr-curriculum-2022,overwhelm
1876,owe,,,,elective,그 외 과목,kr-curriculum-2022,owe
1877,own,,,**,common,중학교·고등 공통과목 권장(**),kr-curriculum-2022,own**
1878,pace,,,,elective,그 외 과목,kr-curriculum-2022,pace
1879,pack,,,**,common,중학교·고등 공통과목 권장(**),kr-curriculum-2022,pack**
1880,pad,,,,elective,그 외 과목,kr-curriculum-2022,pad
1881,page,,,*,elementary,초등학교 권장(*),kr-curriculum-2022,page*
1882,pain,,,**,common,중학교·고등 공통과목 권장(**),kr-curriculum-2022,pain**
1883,paint,,,*,elementary,초등학교 권장(*),kr-curriculum-2022,paint*
1884,pair,,,**,common,중학교·고등 공통과목 권장(**),kr-curriculum-2022,pair**
1885,palace,,,**,common,중학교·고등 공통과목 권장(**),kr-curriculum-2022,palace**
1886,pale,,,,elective,그 외 과목,kr-curriculum-2022,pale
1887,palm,,,,elective,그 외 과목,kr-curriculum-2022,palm
1888,pan,,,**,common,중학교·고등 공통과목 권장(**),kr-curriculum-2022,pan**
1889,panel,,,,elective,그 외 과목,kr-curriculum-2022,panel
1890,panic,,,**,common,중학교·고등 공통과목 권장(**),kr-curriculum-2022,panic**
1891,pants,,,*,elementary,초등학교 권장(*),kr-curriculum-2022,pants*
1892,paper,,,*,elementary,초등학교 권장(*),kr-curriculum-2022,paper*
1893,parade,,,**,common,중학교·고등 공통과목 권장(**),kr-curriculum-2022,parade**
1894,paragraph,,,**,common,중학교·고등 공통과목 권장(**),kr-curriculum-2022,paragraph**
1895,parallel,,,,elective,그 외 과목,kr-curriculum-2022,parallel
1896,pardon,,,**,common,중학교·고등 공통과목 권장(**),kr-curriculum-2022,pardon**
1897,parent,,,*,elementary,초등학교 권장(*),kr-curriculum-2022,parent*
1898,park,,,*,elementary,초등학교 권장(*),kr-curriculum-2022,park*
1899,parliament,,,,elective,그 외 과목,kr-curriculum-2022,parliament
1900,part,,,*,elementary,초등학교 권장(*),kr-curriculum-2022,part*
1901,participate,,,,elective,그 외 과목,kr-curriculum-2022,participate
1902,particle,,,,elective,그 외 과목,kr-curriculum-2022,particle
1903,particular,,particularly,**,common,중학교·고등 공통과목 권장(**),kr-curriculum-2022,particular** (particularly)
1904,partner,,,*,elementary,초등학교 권장(*),kr-curriculum-2022,partner*
1905,party,,,*,elementary,초등학교 권장(*),kr-curriculum-2022,party*
1906,pass,,,*,elementary,초등학교 권장(*),kr-curriculum-2022,pass*
1907,passage,,,,elective,그 외 과목,kr-curriculum-2022,passage
1908,passenger,,,,elective,그 외 과목,kr-curriculum-2022,passenger
1909,passion,,,,elective,그 외 과목,kr-curriculum-2022,passion
1910,passport,,,,elective,그 외 과목,kr-curriculum-2022,passport
1911,past,,,**,common,중학교·고등 공통과목 권장(**),kr-curriculum-2022,past**
1912,pat,,,,elective,그 외 과목,kr-curriculum-2022,pat
1913,patch,,,,elective,그 외 과목,kr-curriculum-2022,patch
1914,patent,,,,elective,그 외 과목,kr-curriculum-2022,patent
1915,path,,,**,common,중학교·고등 공통과목 권장(**),kr-curriculum-2022,path**
1916,patient,,,**,common,중학교·고등 공통과목 권장(**),kr-curriculum-2022,patient**
1917,pattern,,,**,common,중학교·고등 공통과목 권장(**),kr-curriculum-2022,pattern**
1918,pause,,,**,common,중학교·고등 공통과목 권장(**),kr-curriculum-2022,pause**
1919,pave,,,,elective,그 외 과목,kr-curriculum-2022,pave
1920,pay,,,*,elementary,초등학교 권장(*),kr-curriculum-2022,pay*
1921,peace,,peaceful,**,common,중학교·고등 공통과목 권장(**),kr-curriculum-2022,peace** (peaceful)
1922,peak,,,,elective,그 외 과목,kr-curriculum-2022,peak
1923,pear,,,**,common,중학교·고등 공통과목 권장(**),kr-curriculum-2022,pear**
1924,peasant,,,,elective,그 외 과목,kr-curriculum-2022,peasant
1925,peel,,,,elective,그 외 과목,kr-curriculum-2022,peel
1926,peer,,,,elective,그 외 과목,kr-curriculum-2022,peer
1927,pen,,,*,elementary,초등학교 권장(*),kr-curriculum-2022,pen*
1928,penalty,,,,elective,그 외 과목,kr-curriculum-2022,penalty
1929,pencil,,,*,elementary,초등학교 권장(*),kr-curriculum-2022,pencil*
1930,people,,,*,elementary,초등학교 권장(*),kr-curriculum-2022,people*
1931,pepper,,,**,common,중학교·고등 공통과목 권장(**),kr-curriculum-2022,pepper**
1932,per,,,**,common,중학교·고등 공통과목 권장(**),kr-curriculum-2022,per**
1933,perceive,,perception,,elective,그 외 과목,kr-curriculum-2022,perceive (perception)
1934,perfect,,,**,common,중학교·고등 공통과목 권장(**),kr-curriculum-2022,perfect**
1935,perform,,,**,common,중학교·고등 공통과목 권장(**),kr-curriculum-2022,perform**
1936,perhaps,,,**,common,중학교·고등 공통과목 권장(**),kr-curriculum-2022,perhaps**
1937,period,,,**,common,중학교·고등 공통과목 권장(**),kr-curriculum-2022,period**
1938,permanent,,,,elective,그 외 과목,kr-curriculum-2022,permanent
1939,permit,,,,elective,그 외 과목,kr-curriculum-2022,permit
1940,persist,,,,elective,그 외 과목,kr-curriculum-2022,persist
1941,person,,personality,**,common,중학교·고등 공통과목 권장(**),kr-curriculum-2022,person** (personality)
1942,perspective,,,,elective,그 외 과목,kr-curriculum-2022,perspective
1943,persuade,,,,elective,그 외 과목,kr-curriculum-2022,persuade
1944,pet,,,**,common,중학교·고등 공통과목 권장(**),kr-curriculum-2022,pet**
1945,phase,,,,elective,그 외 과목,kr-curriculum-2022,phase
1946,phenomenon,,,,elective,그 외 과목,kr-curriculum-2022,phenomenon
1947,philosophy,,,,elective,그 외 과목,kr-curriculum-2022,philosophy
1948,photograph,photo,,**,common,중학교·고등 공통과목 권장(**),kr-curriculum-2022,photograph** / photo**
1949,phrase,,,,elective,그 외 과목,kr-curriculum-2022,phrase
1950,physical,,,**,common,중학교·고등 공통과목 권장(**),kr-curriculum-2022,physical**
1951,physics,,,,elective,그 외 과목,kr-curriculum-2022,physics
1952,piano,,,*,elementary,초등학교 권장(*),kr-curriculum-2022,piano*
1953,pick,,,*,elementary,초등학교 권장(*),kr-curriculum-2022,pick*
1954,picnic,,,**,common,중학교·고등 공통과목 권장(**),kr-curriculum-2022,picnic**
1955,picture,,,*,elementary,초등학교 권장(*),kr-curriculum-2022,picture*
1956,pie,,,**,common,중학교·고등 공통과목 권장(**),kr-curriculum-2022,pie**
1957,piece,,,**,common,중학교·고등 공통과목 권장(**),kr-curriculum-2022,piece**
1958,pig,,,*,elementary,초등학교 권장(*),kr-curriculum-2022,pig*
1959,pile,,,**,common,중학교·고등 공통과목 권장(**),kr-curriculum-2022,pile**
1960,pill,,,,elective,그 외 과목,kr-curriculum-2022,pill
1961,pilot,,,*,elementary,초등학교 권장(*),kr-curriculum-2022,pilot*
1962,pin,,,**,common,중학교·고등 공통과목 권장(**),kr-curriculum-2022,pin**
1963,pinch,,,,elective,그 외 과목,kr-curriculum-2022,pinch
1964,pine,,,**,common,중학교·고등 공통과목 권장(**),kr-curriculum-2022,pine**
1965,pink,,,*,elementary,초등학교 권장(*),kr-curriculum-2022,pink*
1966,pioneer,,,,elective,그 외 과목,kr-curriculum-2022,pioneer
1967,pipe,,,**,common,중학교·고등 공통과목 권장(**),kr-curriculum-2022,pipe**
1968,pitch,,,**,common,중학교·고등 공통과목 권장(**),kr-curriculum-2022,pitch**
1969,pity,,,**,common,중학교·고등 공통과목 권장(**),kr-curriculum-2022,pity**
1970,pizza,,,*,elementary,초등학교 권장(*),kr-curriculum-2022,pizza*
1971,place,,displace,*,elementary,초등학교 권장(*),kr-curriculum-2022,place* (displace)
1972,plain,,,**,common,중학교·고등 공통과목 권장(**),kr-curriculum-2022,plain**
1973,plan,,,*,elementary,초등학교 권장(*),kr-curriculum-2022,plan*
1974,plane,,,**,common,중학교·고등 공통과목 권장(**),kr-curriculum-2022,plane**
1975,planet,,,**,common,중학교·고등 공통과목 권장(**),kr-curriculum-2022,planet**
1976,plant,,,**,common,중학교·고등 공통과목 권장(**),kr-curriculum-2022,plant**
1977,plastic,,,*,elementary,초등학교 권장(*),kr-curriculum-2022,plastic*
1978,plate,,,**,common,중학교·고등 공통과목 권장(**),kr-curriculum-2022,plate**
1979,platform,,,,elective,그 외 과목,kr-curriculum-2022,platform
1980,play,,,*,elementary,초등학교 권장(*),kr-curriculum-2022,play*
1981,please,,"pleasant, pleasure",*,elementary,초등학교 권장(*),kr-curriculum-2022,"please* (pleasant, pleasure)"
1982,plenty,,,**,common,중학교·고등 공통과목 권장(**),kr-curriculum-2022,plenty**
1983,plot,,,,elective,그 외 과목,kr-curriculum-2022,plot
1984,plus,,,**,common,중학교·고등 공통과목 권장(**),kr-curriculum-2022,plus**
1985,pocket,,,**,common,중학교·고등 공통과목 권장(**),kr-curriculum-2022,pocket**
1986,poem,,,**,common,중학교·고등 공통과목 권장(**),kr-curriculum-2022,poem**
1987,poet,,,**,common,중학교·고등 공통과목 권장(**),kr-curriculum-2022,poet**
1988,point,,,*,elementary,초등학교 권장(*),kr-curriculum-2022,point*
1989,poison,,,**,common,중학교·고등 공통과목 권장(**),kr-curriculum-2022,poison**
1990,pole,,polar,**,common,중학교·고등 공통과목 권장(**),kr-curriculum-2022,pole** (polar)
1991,police,,,*,elementary,초등학교 권장(*),kr-curriculum-2022,police*
1992,policy,,,**,common,중학교·고등 공통과목 권장(**),kr-curriculum-2022,policy**
1993,polish,,,,elective,그 외 과목,kr-curriculum-2022,polish
1994,polite,,,**,common,중학교·고등 공통과목 권장(**),kr-curriculum-2022,polite**
1995,politics,,,**,common,중학교·고등 공통과목 권장(**),kr-curriculum-2022,politics**
1996,poll,,,,elective,그 외 과목,kr-curriculum-2022,poll
1997,pollute,,,**,common,중학교·고등 공통과목 권장(**),kr-curriculum-2022,pollute**
1998,pond,,,,elective,그 외 과목,kr-curriculum-2022,pond
1999,pool,,,**,common,중학교·고등 공통과목 권장(**),kr-curriculum-2022,pool**
2000,poor,,,*,elementary,초등학교 권장(*),kr-curriculum-2022,poor*
2001,pop,,,**,common,중학교·고등 공통과목 권장(**),kr-curriculum-2022,pop**
2002,popular,,,**,common,중학교·고등 공통과목 권장(**),kr-curriculum-2022,popular**
2003,populate,,population,,elective,그 외 과목,kr-curriculum-2022,populate (population)
2004,pork,,,**,common,중학교·고등 공통과목 권장(**),kr-curriculum-2022,pork**
2005,port,,,**,common,중학교·고등 공통과목 권장(**),kr-curriculum-2022,port**
2006,portion,,,,elective,그 외 과목,kr-curriculum-2022,portion
2007,portrait,,,,elective,그 외 과목,kr-curriculum-2022,portrait
2008,pose,,dispose,,elective,그 외 과목,kr-curriculum-2022,pose (dispose)
2009,posit,,"position, positive",,elective,그 외 과목,kr-curriculum-2022,"posit (position, positive)"
2010,possess,,,**,common,중학교·고등 공통과목 권장(**),kr-curriculum-2022,possess**
2011,possible,,,**,common,중학교·고등 공통과목 권장(**),kr-curriculum-2022,possible**
2012,post,,poster,**,common,중학교·고등 공통과목 권장(**),kr-curriculum-2022,post** (poster)
2013,pot,,,**,common,중학교·고등 공통과목 권장(**),kr-curriculum-2022,pot**
2014,potato,,,*,elementary,초등학교 권장(*),kr-curriculum-2022,potato*
2015,potential,,,**,common,중학교·고등 공통과목 권장(**),kr-curriculum-2022,potential**
2016,pour,,,**,common,중학교·고등 공통과목 권장(**),kr-curriculum-2022,pour**
2017,powder,,,**,common,중학교·고등 공통과목 권장(**),kr-curriculum-2022,powder**
2018,power,,,*,elementary,초등학교 권장(*),kr-curriculum-2022,power*
2019,practical,,,**,common,중학교·고등 공통과목 권장(**),kr-curriculum-2022,practical**
2020,practice,practise,,**,common,중학교·고등 공통과목 권장(**),kr-curriculum-2022,practice** / practise**
2021,praise,,,,elective,그 외 과목,kr-curriculum-2022,praise
2022,pray,,,**,common,중학교·고등 공통과목 권장(**),kr-curriculum-2022,pray**
2023,preach,,,,elective,그 외 과목,kr-curriculum-2022,preach
2024,precede,,unprecedented,,elective,그 외 과목,kr-curriculum-2022,precede (unprecedented)
2025,precise,,,,elective,그 외 과목,kr-curriculum-2022,precise
2026,predator,,,,elective,그 외 과목,kr-curriculum-2022,predator
2027,predict,,,,elective,그 외 과목,kr-curriculum-2022,predict
2028,prefer,,,**,common,중학교·고등 공통과목 권장(**),kr-curriculum-2022,prefer**
2029,pregnant,,,**,common,중학교·고등 공통과목 권장(**),kr-curriculum-2022,pregnant**
2030,prejudice,,,,elective,그 외 과목,kr-curriculum-2022,prejudice
2031,premium,,,,elective,그 외 과목,kr-curriculum-2022,premium
2032,prepare,,,**,common,중학교·고등 공통과목 권장(**),kr-curriculum-2022,prepare**
2033,prescribe,,,,elective,그 외 과목,kr-curriculum-2022,prescribe
2034,presence,,,**,common,중학교·고등 공통과목 권장(**),kr-curriculum-2022,presence**
2035,present,,,*,elementary,초등학교 권장(*),kr-curriculum-2022,present*
2036,preserve,,,,elective,그 외 과목,kr-curriculum-2022,preserve
2037,preside,,president,,elective,그 외 과목,kr-curriculum-2022,preside (president)
2038,press,,,**,common,중학교·고등 공통과목 권장(**),kr-curriculum-2022,press**
2039,presume,,,,elective,그 외 과목,kr-curriculum-2022,presume
2040,pretend,,,**,common,중학교·고등 공통과목 권장(**),kr-curriculum-2022,pretend**
2041,pretty,,,*,elementary,초등학교 권장(*),kr-curriculum-2022,pretty*
2042,prevail,,,,elective,그 외 과목,kr-curriculum-2022,prevail
2043,prevent,,,**,common,중학교·고등 공통과목 권장(**),kr-curriculum-2022,prevent**
2044,previous,,,**,common,중학교·고등 공통과목 권장(**),kr-curriculum-2022,previous**
2045,prey,,,,elective,그 외 과목,kr-curriculum-2022,prey
2046,price,,,**,common,중학교·고등 공통과목 권장(**),kr-curriculum-2022,price**
2047,pride,,,**,common,중학교·고등 공통과목 권장(**),kr-curriculum-2022,pride**
2048,priest,,,,elective,그 외 과목,kr-curriculum-2022,priest
2049,prime,,primary,**,common,중학교·고등 공통과목 권장(**),kr-curriculum-2022,prime** (primary)
2050,primitive,,,,elective,그 외 과목,kr-curriculum-2022,primitive
2051,prince,,,*,elementary,초등학교 권장(*),kr-curriculum-2022,prince*
2052,principal,,,,elective,그 외 과목,kr-curriculum-2022,principal
2053,principle,,,**,common,중학교·고등 공통과목 권장(**),kr-curriculum-2022,principle**
2054,print,,,*,elementary,초등학교 권장(*),kr-curriculum-2022,print*
2055,prior,,,,elective,그 외 과목,kr-curriculum-2022,prior
2056,prison,,,**,common,중학교·고등 공통과목 권장(**),kr-curriculum-2022,prison**
2057,privacy,,,**,common,중학교·고등 공통과목 권장(**),kr-curriculum-2022,privacy**
2058,private,,,**,common,중학교·고등 공통과목 권장(**),kr-curriculum-2022,private**
2059,privilege,,,,elective,그 외 과목,kr-curriculum-2022,privilege
2060,prize,,,**,common,중학교·고등 공통과목 권장(**),kr-curriculum-2022,prize**
2061,probable,,probably,**,common,중학교·고등 공통과목 권장(**),kr-curriculum-2022,probable** (probably)
2062,problem,,,*,elementary,초등학교 권장(*),kr-curriculum-2022,problem*
2063,proceed,,procedure,**,common,중학교·고등 공통과목 권장(**),kr-curriculum-2022,proceed** (procedure)
2064,process,,,**,common,중학교·고등 공통과목 권장(**),kr-curriculum-2022,process**
2065,produce,,,**,common,중학교·고등 공통과목 권장(**),kr-curriculum-2022,produce**
2066,profession,,,**,common,중학교·고등 공통과목 권장(**),kr-curriculum-2022,profession**
2067,professor,,,,elective,그 외 과목,kr-curriculum-2022,professor
2068,profile,,,,elective,그 외 과목,kr-curriculum-2022,profile
2069,profit,,,**,common,중학교·고등 공통과목 권장(**),kr-curriculum-2022,profit**
2070,profound,,,,elective,그 외 과목,kr-curriculum-2022,profound
2071,program,programme,programmatic,*,elementary,초등학교 권장(*),kr-curriculum-2022,program* / programme* (programmatic)
2072,progress,,,**,common,중학교·고등 공통과목 권장(**),kr-curriculum-2022,progress**
2073,prohibit,,,,elective,그 외 과목,kr-curriculum-2022,prohibit
2074,project,,,*,elementary,초등학교 권장(*),kr-curriculum-2022,project*
2075,prominent,,,,elective,그 외 과목,kr-curriculum-2022,prominent
2076,promise,,,**,common,중학교·고등 공통과목 권장(**),kr-curriculum-2022,promise**
2077,promote,,,**,common,중학교·고등 공통과목 권장(**),kr-curriculum-2022,promote**
2078,prompt,,,,elective,그 외 과목,kr-curriculum-2022,prompt
2079,pronounce,,pronunciation,**,common,중학교·고등 공통과목 권장(**),kr-curriculum-2022,pronounce** (pronunciation)
2080,proof,,,,elective,그 외 과목,kr-curriculum-2022,proof
2081,proper,,,**,common,중학교·고등 공통과목 권장(**),kr-curriculum-2022,proper**
2082,property,,,**,common,중학교·고등 공통과목 권장(**),kr-curriculum-2022,property**
2083,proportion,,,,elective,그 외 과목,kr-curriculum-2022,proportion
2084,propose,,,**,common,중학교·고등 공통과목 권장(**),kr-curriculum-2022,propose**
2085,prospect,,,,elective,그 외 과목,kr-curriculum-2022,prospect
2086,prosper,,,,elective,그 외 과목,kr-curriculum-2022,prosper
2087,protect,,,**,common,중학교·고등 공통과목 권장(**),kr-curriculum-2022,protect**
2088,protein,,,,elective,그 외 과목,kr-curriculum-2022,protein
2089,protest,,,**,common,중학교·고등 공통과목 권장(**),kr-curriculum-2022,protest**
2090,proud,,,**,common,중학교·고등 공통과목 권장(**),kr-curriculum-2022,proud**
2091,prove,,,**,common,중학교·고등 공통과목 권장(**),kr-curriculum-2022,prove**
2092,provide,,,**,common,중학교·고등 공통과목 권장(**),kr-curriculum-2022,provide**
2093,province,,,,elective,그 외 과목,kr-curriculum-2022,province
2094,provoke,,,,elective,그 외 과목,kr-curriculum-2022,provoke
2095,psychology,,,,elective,그 외 과목,kr-curriculum-2022,psychology
2096,pub,,,**,common,중학교·고등 공통과목 권장(**),kr-curriculum-2022,pub**
2097,public,,,**,common,중학교·고등 공통과목 권장(**),kr-curriculum-2022,public**
2098,publish,,publisher,,elective,그 외 과목,kr-curriculum-2022,publish (publisher)
2099,pull,,,**,common,중학교·고등 공통과목 권장(**),kr-curriculum-2022,pull**
2100,pump,,,**,common,중학교·고등 공통과목 권장(**),kr-curriculum-2022,pump**
2101,punch,,,**,common,중학교·고등 공통과목 권장(**),kr-curriculum-2022,punch**
2102,punish,,,**,common,중학교·고등 공통과목 권장(**),kr-curriculum-2022,punish**
2103,pupil,,,,elective,그 외 과목,kr-curriculum-2022,pupil
2104,puppy,,,*,elementary,초등학교 권장(*),kr-curriculum-2022,puppy*
2105,purchase,,,**,common,중학교·고등 공통과목 권장(**),kr-curriculum-2022,purchase**
2106,pure,,,**,common,중학교·고등 공통과목 권장(**),kr-curriculum-2022,pure**
2107,purple,,,**,common,중학교·고등 공통과목 권장(**),kr-curriculum-2022,purple**
2108,purpose,,,**,common,중학교·고등 공통과목 권장(**),kr-curriculum-2022,purpose**
2109,pursue,,,,elective,그 외 과목,kr-curriculum-2022,pursue
2110,push,,,*,elementary,초등학교 권장(*),kr-curriculum-2022,push*
2111,put,,,*,elementary,초등학교 권장(*),kr-curriculum-2022,put*
2112,puzzle,,,**,common,중학교·고등 공통과목 권장(**),kr-curriculum-2022,puzzle**
2113,quality,,qualify,**,common,중학교·고등 공통과목 권장(**),kr-curriculum-2022,quality** (qualify)
2114,quantity,,,,elective,그 외 과목,kr-curriculum-2022,quantity
2115,quarter,,,**,common,중학교·고등 공통과목 권장(**),kr-curriculum-2022,quarter**
2116,queen,,,*,elementary,초등학교 권장(*),kr-curriculum-2022,queen*
2117,question,,,*,elementary,초등학교 권장(*),kr-curriculum-2022,question*
2118,questionnaire,,,,elective,그 외 과목,kr-curriculum-2022,questionnaire
2119,quick,,,*,elementary,초등학교 권장(*),kr-curriculum-2022,quick*
2120,quiet,,,*,elementary,초등학교 권장(*),kr-curriculum-2022,quiet*
2121,quit,,,**,common,중학교·고등 공통과목 권장(**),kr-curriculum-2022,quit**
2122,quite,,,**,common,중학교·고등 공통과목 권장(**),kr-curriculum-2022,quite**
2123,quiz,,,*,elementary,초등학교 권장(*),kr-curriculum-2022,quiz*
2124,quote,,,**,common,중학교·고등 공통과목 권장(**),kr-curriculum-2022,quote**
2125,rabbit,,,*,elementary,초등학교 권장(*),kr-curriculum-2022,rabbit*
2126,race,,racial,*,elementary,초등학교 권장(*),kr-curriculum-2022,race* (racial)
2127,radio,,,*,elementary,초등학교 권장(*),kr-curriculum-2022,radio*
2128,rage,,,,elective,그 외 과목,kr-curriculum-2022,rage
2129,rail,,,**,common,중학교·고등 공통과목 권장(**),kr-curriculum-2022,rail**
2130,rain,,,*,elementary,초등학교 권장(*),kr-curriculum-2022,rain*
2131,rainbow,,,**,common,중학교·고등 공통과목 권장(**),kr-curriculum-2022,rainbow**
2132,raise,,,**,common,중학교·고등 공통과목 권장(**),kr-curriculum-2022,raise**
2133,rally,,,,elective,그 외 과목,kr-curriculum-2022,rally
2134,random,,,,elective,그 외 과목,kr-curriculum-2022,random
2135,range,,,**,common,중학교·고등 공통과목 권장(**),kr-curriculum-2022,range**
2136,rank,,,,elective,그 외 과목,kr-curriculum-2022,rank
2137,rapid,,,**,common,중학교·고등 공통과목 권장(**),kr-curriculum-2022,rapid**
2138,rare,,,**,common,중학교·고등 공통과목 권장(**),kr-curriculum-2022,rare**
2139,rat,,,**,common,중학교·고등 공통과목 권장(**),kr-curriculum-2022,rat**
2140,rate,,,**,common,중학교·고등 공통과목 권장(**),kr-curriculum-2022,rate**
2141,rather,,,**,common,중학교·고등 공통과목 권장(**),kr-curriculum-2022,rather**
2142,rational,,,,elective,그 외 과목,kr-curriculum-2022,rational
2143,raw,,,,elective,그 외 과목,kr-curriculum-2022,raw
2144,reach,,,**,common,중학교·고등 공통과목 권장(**),kr-curriculum-2022,reach**
2145,react,,,**,common,중학교·고등 공통과목 권장(**),kr-curriculum-2022,react**
2146,read,,,*,elementary,초등학교 권장(*),kr-curriculum-2022,read*
2147,ready,,,*,elementary,초등학교 권장(*),kr-curriculum-2022,ready*
2148,real,,realize / realise,**,common,중학교·고등 공통과목 권장(**),kr-curriculum-2022,real** (realize / realise)
2149,rear,,,,elective,그 외 과목,kr-curriculum-2022,rear
2150,reason,,reasonable,**,common,중학교·고등 공통과목 권장(**),kr-curriculum-2022,reason** (reasonable)
2151,rebel,,,,elective,그 외 과목,kr-curriculum-2022,rebel
2152,receipt,,,,elective,그 외 과목,kr-curriculum-2022,receipt
2153,receive,,reception,**,common,중학교·고등 공통과목 권장(**),kr-curriculum-2022,receive** (reception)
2154,recent,,,**,common,중학교·고등 공통과목 권장(**),kr-curriculum-2022,recent**
2155,recipe,,,**,common,중학교·고등 공통과목 권장(**),kr-curriculum-2022,recipe**
2156,recognize,,,**,common,중학교·고등 공통과목 권장(**),kr-curriculum-2022,recognize**
2157,recommend,,,**,common,중학교·고등 공통과목 권장(**),kr-curriculum-2022,recommend**
2158,record,,,**,common,중학교·고등 공통과목 권장(**),kr-curriculum-2022,record**
2159,recover,,,**,common,중학교·고등 공통과목 권장(**),kr-curriculum-2022,recover**
2160,recreation,,,*,elementary,초등학교 권장(*),kr-curriculum-2022,recreation*
2161,recruit,,,,elective,그 외 과목,kr-curriculum-2022,recruit
2162,red,,,*,elementary,초등학교 권장(*),kr-curriculum-2022,red*
2163,reduce,,,**,common,중학교·고등 공통과목 권장(**),kr-curriculum-2022,reduce**
2164,refer,,,**,common,중학교·고등 공통과목 권장(**),kr-curriculum-2022,refer**
2165,refine,,,,elective,그 외 과목,kr-curriculum-2022,refine
2166,reflect,,,**,common,중학교·고등 공통과목 권장(**),kr-curriculum-2022,reflect**
2167,reform,,,,elective,그 외 과목,kr-curriculum-2022,reform
2168,refrigerate,,refrigerator,,elective,그 외 과목,kr-curriculum-2022,refrigerate (refrigerator)
2169,refuse,,,**,common,중학교·고등 공통과목 권장(**),kr-curriculum-2022,refuse**
2170,regard,,,**,common,중학교·고등 공통과목 권장(**),kr-curriculum-2022,regard**
2171,region,,,**,common,중학교·고등 공통과목 권장(**),kr-curriculum-2022,region**
2172,register,,,**,common,중학교·고등 공통과목 권장(**),kr-curriculum-2022,register**
2173,regret,,,,elective,그 외 과목,kr-curriculum-2022,regret
2174,regular,,,**,common,중학교·고등 공통과목 권장(**),kr-curriculum-2022,regular**
2175,regulate,,,,elective,그 외 과목,kr-curriculum-2022,regulate
2176,reinforce,,,,elective,그 외 과목,kr-curriculum-2022,reinforce
2177,reject,,,,elective,그 외 과목,kr-curriculum-2022,reject
2178,relate,,"relative, relation, relationship",**,common,중학교·고등 공통과목 권장(**),kr-curriculum-2022,"relate** (relative, relation, relationship)"
2179,relax,,,**,common,중학교·고등 공통과목 권장(**),kr-curriculum-2022,relax**
2180,release,,,**,common,중학교·고등 공통과목 권장(**),kr-curriculum-2022,release**
2181,relevant,,,,elective,그 외 과목,kr-curriculum-2022,relevant
2182,relief,,,**,common,중학교·고등 공통과목 권장(**),kr-curriculum-2022,relief**
2183,relieve,,,,elective,그 외 과목,kr-curriculum-2022,relieve
2184,religion,,,,elective,그 외 과목,kr-curriculum-2022,religion
2185,reluctant,,,,elective,그 외 과목,kr-curriculum-2022,reluctant
2186,rely,,,**,common,중학교·고등 공통과목 권장(**),kr-curriculum-2022,rely**
2187,remain,,,**,common,중학교·고등 공통과목 권장(**),kr-curriculum-2022,remain**
2188,remark,,,**,common,중학교·고등 공통과목 권장(**),kr-curriculum-2022,remark**
2189,remedy,,,,elective,그 외 과목,kr-curriculum-2022,remedy
2190,remember,,,*,elementary,초등학교 권장(*),kr-curriculum-2022,remember*
2191,remind,,,**,common,중학교·고등 공통과목 권장(**),kr-curriculum-2022,remind**
2192,remote,,,,elective,그 외 과목,kr-curriculum-2022,remote
2193,remove,,,**,common,중학교·고등 공통과목 권장(**),kr-curriculum-2022,remove**
2194,rent,,,**,common,중학교·고등 공통과목 권장(**),kr-curriculum-2022,rent**
2195,repair,,,**,common,중학교·고등 공통과목 권장(**),kr-curriculum-2022,repair**
2196,repeat,,,**,common,중학교·고등 공통과목 권장(**),kr-curriculum-2022,repeat**
2197,replace,,,**,common,중학교·고등 공통과목 권장(**),kr-curriculum-2022,replace**
2198,reply,,,**,common,중학교·고등 공통과목 권장(**),kr-curriculum-2022,reply**
2199,report,,,**,common,중학교·고등 공통과목 권장(**),kr-curriculum-2022,report**
2200,represent,,,**,common,중학교·고등 공통과목 권장(**),kr-curriculum-2022,represent**
2201,republic,,,,elective,그 외 과목,kr-curriculum-2022,republic
2202,reputation,,,,elective,그 외 과목,kr-curriculum-2022,reputation
2203,request,,,**,common,중학교·고등 공통과목 권장(**),kr-curriculum-2022,request**
2204,require,,,**,common,중학교·고등 공통과목 권장(**),kr-curriculum-2022,require**
2205,rescue,,,,elective,그 외 과목,kr-curriculum-2022,rescue
2206,research,,,**,common,중학교·고등 공통과목 권장(**),kr-curriculum-2022,research**
2207,resemble,,,,elective,그 외 과목,kr-curriculum-2022,resemble
2208,reserve,,,**,common,중학교·고등 공통과목 권장(**),kr-curriculum-2022,reserve**
2209,reside,,resident,,elective,그 외 과목,kr-curriculum-2022,reside (resident)
2210,resign,,,,elective,그 외 과목,kr-curriculum-2022,resign
2211,resist,,,**,common,중학교·고등 공통과목 권장(**),kr-curriculum-2022,resist**
2212,resolve,,,,elective,그 외 과목,kr-curriculum-2022,resolve
2213,resort,,,,elective,그 외 과목,kr-curriculum-2022,resort
2214,resource,,,**,common,중학교·고등 공통과목 권장(**),kr-curriculum-2022,resource**
2215,respect,,respective,**,common,중학교·고등 공통과목 권장(**),kr-curriculum-2022,respect** (respective)
2216,respond,,,**,common,중학교·고등 공통과목 권장(**),kr-curriculum-2022,respond**
2217,responsible,,,**,common,중학교·고등 공통과목 권장(**),kr-curriculum-2022,responsible**
2218,rest,,,**,common,중학교·고등 공통과목 권장(**),kr-curriculum-2022,rest**
2219,restaurant,,,*,elementary,초등학교 권장(*),kr-curriculum-2022,restaurant*
2220,restore,,,,elective,그 외 과목,kr-curriculum-2022,restore
2221,restrain,,,,elective,그 외 과목,kr-curriculum-2022,restrain
2222,restrict,,,,elective,그 외 과목,kr-curriculum-2022,restrict
2223,restroom,,,*,elementary,초등학교 권장(*),kr-curriculum-2022,restroom*
2224,result,,,**,common,중학교·고등 공통과목 권장(**),kr-curriculum-2022,result**
2225,resume,,,,elective,그 외 과목,kr-curriculum-2022,resume
2226,retail,,,,elective,그 외 과목,kr-curriculum-2022,retail
2227,retain,,,,elective,그 외 과목,kr-curriculum-2022,retain
2228,retire,,,**,common,중학교·고등 공통과목 권장(**),kr-curriculum-2022,retire**
2229,retreat,,,,elective,그 외 과목,kr-curriculum-2022,retreat
2230,return,,,*,elementary,초등학교 권장(*),kr-curriculum-2022,return*
2231,reveal,,,,elective,그 외 과목,kr-curriculum-2022,reveal
2232,revenge,,,,elective,그 외 과목,kr-curriculum-2022,revenge
2233,reverse,,,,elective,그 외 과목,kr-curriculum-2022,reverse
2234,revise,,,,elective,그 외 과목,kr-curriculum-2022,revise
2235,revive,,,,elective,그 외 과목,kr-curriculum-2022,revive
2236,revolution,,,,elective,그 외 과목,kr-curriculum-2022,revolution
2237,reward,,,,elective,그 외 과목,kr-curriculum-2022,reward
2238,rhythm,,,,elective,그 외 과목,kr-curriculum-2022,rhythm
2239,ribbon,,,*,elementary,초등학교 권장(*),kr-curriculum-2022,ribbon*
2240,rice,,,**,common,중학교·고등 공통과목 권장(**),kr-curriculum-2022,rice**
2241,rich,,,*,elementary,초등학교 권장(*),kr-curriculum-2022,rich*
2242,rid,,,,elective,그 외 과목,kr-curriculum-2022,rid
2243,ride,,,**,common,중학교·고등 공통과목 권장(**),kr-curriculum-2022,ride**
2244,ridicule,,ridiculous,,elective,그 외 과목,kr-curriculum-2022,ridicule (ridiculous)
2245,right,,,*,elementary,초등학교 권장(*),kr-curriculum-2022,right*
2246,ring,,,*,elementary,초등학교 권장(*),kr-curriculum-2022,ring*
2247,riot,,,,elective,그 외 과목,kr-curriculum-2022,riot
2248,rise,,,**,common,중학교·고등 공통과목 권장(**),kr-curriculum-2022,rise**
2249,risk,,,**,common,중학교·고등 공통과목 권장(**),kr-curriculum-2022,risk**
2250,rival,,,,elective,그 외 과목,kr-curriculum-2022,rival
2251,river,,,*,elementary,초등학교 권장(*),kr-curriculum-2022,river*
2252,road,,,*,elementary,초등학교 권장(*),kr-curriculum-2022,road*
2253,roar,,,,elective,그 외 과목,kr-curriculum-2022,roar
2254,roast,,,,elective,그 외 과목,kr-curriculum-2022,roast
2255,rob,,,**,common,중학교·고등 공통과목 권장(**),kr-curriculum-2022,rob**
2256,robot,,,*,elementary,초등학교 권장(*),kr-curriculum-2022,robot*
2257,rock,,,*,elementary,초등학교 권장(*),kr-curriculum-2022,rock*
2258,rocket,,,**,common,중학교·고등 공통과목 권장(**),kr-curriculum-2022,rocket**
2259,rod,,,,elective,그 외 과목,kr-curriculum-2022,rod
2260,role,,,**,common,중학교·고등 공통과목 권장(**),kr-curriculum-2022,role**
2261,roll,,enroll / enrol,**,common,중학교·고등 공통과목 권장(**),kr-curriculum-2022,roll** (enroll / enrol)
2262,romantic,,,,elective,그 외 과목,kr-curriculum-2022,romantic
2263,roof,,,**,common,중학교·고등 공통과목 권장(**),kr-curriculum-2022,roof**
2264,room,,,*,elementary,초등학교 권장(*),kr-curriculum-2022,room*
2265,root,,,**,common,중학교·고등 공통과목 권장(**),kr-curriculum-2022,root**
2266,rope,,,**,common,중학교·고등 공통과목 권장(**),kr-curriculum-2022,rope**
2267,rose,,,*,elementary,초등학교 권장(*),kr-curriculum-2022,rose*
2268,rot,,,,elective,그 외 과목,kr-curriculum-2022,rot
2269,rough,,,**,common,중학교·고등 공통과목 권장(**),kr-curriculum-2022,rough**
2270,round,,,**,common,중학교·고등 공통과목 권장(**),kr-curriculum-2022,round**
2271,route,,,**,common,중학교·고등 공통과목 권장(**),kr-curriculum-2022,route**
2272,routine,,,,elective,그 외 과목,kr-curriculum-2022,routine
2273,row,,,**,common,중학교·고등 공통과목 권장(**),kr-curriculum-2022,row**
2274,royal,,,**,common,중학교·고등 공통과목 권장(**),kr-curriculum-2022,royal**
2275,rub,,rubber,**,common,중학교·고등 공통과목 권장(**),kr-curriculum-2022,rub** (rubber)
2276,rude,,,**,common,중학교·고등 공통과목 권장(**),kr-curriculum-2022,rude**
2277,ruin,,,**,common,중학교·고등 공통과목 권장(**),kr-curriculum-2022,ruin**
2278,rule,,,**,common,중학교·고등 공통과목 권장(**),kr-curriculum-2022,rule**
2279,rumor,rumour,,,elective,그 외 과목,kr-curriculum-2022,rumor / rumour
2280,run,,,*,elementary,초등학교 권장(*),kr-curriculum-2022,run*
2281,rural,,,,elective,그 외 과목,kr-curriculum-2022,rural
2282,rush,,,**,common,중학교·고등 공통과목 권장(**),kr-curriculum-2022,rush**
2283,sack,,,,elective,그 외 과목,kr-curriculum-2022,sack
2284,sacred,,,,elective,그 외 과목,kr-curriculum-2022,sacred
2285,sacrifice,,,,elective,그 외 과목,kr-curriculum-2022,sacrifice
2286,sad,,,*,elementary,초등학교 권장(*),kr-curriculum-2022,sad*
2287,safe,,,*,elementary,초등학교 권장(*),kr-curriculum-2022,safe*
2288,sail,,,**,common,중학교·고등 공통과목 권장(**),kr-curriculum-2022,sail**
2289,salad,,,*,elementary,초등학교 권장(*),kr-curriculum-2022,salad*
2290,salary,,,**,common,중학교·고등 공통과목 권장(**),kr-curriculum-2022,salary**
2291,sale,,,*,elementary,초등학교 권장(*),kr-curriculum-2022,sale*
2292,salt,,,*,elementary,초등학교 권장(*),kr-curriculum-2022,salt*
2293,same,,,*,elementary,초등학교 권장(*),kr-curriculum-2022,same*
2294,sample,,,**,common,중학교·고등 공통과목 권장(**),kr-curriculum-2022,sample**
2295,sand,,,*,elementary,초등학교 권장(*),kr-curriculum-2022,sand*
2296,sandwich,,,*,elementary,초등학교 권장(*),kr-curriculum-2022,sandwich*
2297,satellite,,,,elective,그 외 과목,kr-curriculum-2022,satellite
2298,satisfy,,,**,common,중학교·고등 공통과목 권장(**),kr-curriculum-2022,satisfy**
2299,sauce,,,**,common,중학교·고등 공통과목 권장(**),kr-curriculum-2022,sauce**
2300,save,,,*,elementary,초등학교 권장(*),kr-curriculum-2022,save*
2301,say,,,*,elementary,초등학교 권장(*),kr-curriculum-2022,say*
2302,scale,,,**,common,중학교·고등 공통과목 권장(**),kr-curriculum-2022,scale**
2303,scan,,,,elective,그 외 과목,kr-curriculum-2022,scan
2304,scandal,,,,elective,그 외 과목,kr-curriculum-2022,scandal
2305,scarce,,,,elective,그 외 과목,kr-curriculum-2022,scarce
2306,scare,,,**,common,중학교·고등 공통과목 권장(**),kr-curriculum-2022,scare**
2307,scarf,,,**,common,중학교·고등 공통과목 권장(**),kr-curriculum-2022,scarf**
2308,scatter,,,,elective,그 외 과목,kr-curriculum-2022,scatter
2309,scene,,,**,common,중학교·고등 공통과목 권장(**),kr-curriculum-2022,scene**
2310,schedule,,,**,common,중학교·고등 공통과목 권장(**),kr-curriculum-2022,schedule**
2311,scheme,,,,elective,그 외 과목,kr-curriculum-2022,scheme
2312,scholar,,,,elective,그 외 과목,kr-curriculum-2022,scholar
2313,school,,,*,elementary,초등학교 권장(*),kr-curriculum-2022,school*
2314,science,,,*,elementary,초등학교 권장(*),kr-curriculum-2022,science*
2315,scissors,,,*,elementary,초등학교 권장(*),kr-curriculum-2022,scissors*
2316,scope,,,,elective,그 외 과목,kr-curriculum-2022,scope
2317,score,,,*,elementary,초등학교 권장(*),kr-curriculum-2022,score*
2318,scramble,,,,elective,그 외 과목,kr-curriculum-2022,scramble
2319,scratch,,,**,common,중학교·고등 공통과목 권장(**),kr-curriculum-2022,scratch**
2320,scream,,,**,common,중학교·고등 공통과목 권장(**),kr-curriculum-2022,scream**
2321,screen,,,**,common,중학교·고등 공통과목 권장(**),kr-curriculum-2022,screen**
2322,screw,,,,elective,그 외 과목,kr-curriculum-2022,screw
2323,sculpt,,sculpture,,elective,그 외 과목,kr-curriculum-2022,sculpt (sculpture)
2324,sea,,,*,elementary,초등학교 권장(*),kr-curriculum-2022,sea*
2325,seal,,,**,common,중학교·고등 공통과목 권장(**),kr-curriculum-2022,seal**
2326,search,,,**,common,중학교·고등 공통과목 권장(**),kr-curriculum-2022,search**
2327,season,,,*,elementary,초등학교 권장(*),kr-curriculum-2022,season*
2328,seat,,,**,common,중학교·고등 공통과목 권장(**),kr-curriculum-2022,seat**
2329,second,,secondary,*,elementary,초등학교 권장(*),kr-curriculum-2022,second* (secondary)
2330,secret,,,**,common,중학교·고등 공통과목 권장(**),kr-curriculum-2022,secret**
2331,secretary,,,**,common,중학교·고등 공통과목 권장(**),kr-curriculum-2022,secretary**
2332,section,,,**,common,중학교·고등 공통과목 권장(**),kr-curriculum-2022,section**
2333,sector,,,,elective,그 외 과목,kr-curriculum-2022,sector
2334,secure,,,**,common,중학교·고등 공통과목 권장(**),kr-curriculum-2022,secure**
2335,see,,,*,elementary,초등학교 권장(*),kr-curriculum-2022,see*
2336,seed,,,**,common,중학교·고등 공통과목 권장(**),kr-curriculum-2022,seed**
2337,seek,,,**,common,중학교·고등 공통과목 권장(**),kr-curriculum-2022,seek**
2338,seem,,,**,common,중학교·고등 공통과목 권장(**),kr-curriculum-2022,seem**
2339,seize,,,,elective,그 외 과목,kr-curriculum-2022,seize
2340,select,,,**,common,중학교·고등 공통과목 권장(**),kr-curriculum-2022,select**
2341,self,,,**,common,중학교·고등 공통과목 권장(**),kr-curriculum-2022,self**
2342,sell,,,*,elementary,초등학교 권장(*),kr-curriculum-2022,sell*
2343,send,,,*,elementary,초등학교 권장(*),kr-curriculum-2022,send*
2344,senior,,,**,common,중학교·고등 공통과목 권장(**),kr-curriculum-2022,senior**
2345,sense,,sensation,**,common,중학교·고등 공통과목 권장(**),kr-curriculum-2022,sense** (sensation)
2346,sensible,,,,elective,그 외 과목,kr-curriculum-2022,sensible
2347,sentence,,,**,common,중학교·고등 공통과목 권장(**),kr-curriculum-2022,sentence**
2348,sentiment,,,,elective,그 외 과목,kr-curriculum-2022,sentiment
2349,separate,,,**,common,중학교·고등 공통과목 권장(**),kr-curriculum-2022,separate**
2350,sequence,,,,elective,그 외 과목,kr-curriculum-2022,sequence
2351,series,,,**,common,중학교·고등 공통과목 권장(**),kr-curriculum-2022,series**
2352,serious,,,**,common,중학교·고등 공통과목 권장(**),kr-curriculum-2022,serious**
2353,serve,,,**,common,중학교·고등 공통과목 권장(**),kr-curriculum-2022,serve**
2354,service,,,*,elementary,초등학교 권장(*),kr-curriculum-2022,service*
2355,session,,,**,common,중학교·고등 공통과목 권장(**),kr-curriculum-2022,session**
2356,set,,,*,elementary,초등학교 권장(*),kr-curriculum-2022,set*
2357,settle,,,**,common,중학교·고등 공통과목 권장(**),kr-curriculum-2022,settle**
2358,seven,,,*,elementary,초등학교 권장(*),kr-curriculum-2022,seven*
2359,several,,,**,common,중학교·고등 공통과목 권장(**),kr-curriculum-2022,several**
2360,severe,,,,elective,그 외 과목,kr-curriculum-2022,severe
2361,sew,,,**,common,중학교·고등 공통과목 권장(**),kr-curriculum-2022,sew**
2362,sex,,,**,common,중학교·고등 공통과목 권장(**),kr-curriculum-2022,sex**
2363,shade,,,**,common,중학교·고등 공통과목 권장(**),kr-curriculum-2022,shade**
2364,shadow,,,**,common,중학교·고등 공통과목 권장(**),kr-curriculum-2022,shadow**
2365,shake,,,**,common,중학교·고등 공통과목 권장(**),kr-curriculum-2022,shake**
2366,shall,,,**,common,중학교·고등 공통과목 권장(**),kr-curriculum-2022,shall**
2367,shallow,,,,elective,그 외 과목,kr-curriculum-2022,shallow
2368,shame,,,**,common,중학교·고등 공통과목 권장(**),kr-curriculum-2022,shame**
2369,shape,,,**,common,중학교·고등 공통과목 권장(**),kr-curriculum-2022,shape**
2370,share,,,**,common,중학교·고등 공통과목 권장(**),kr-curriculum-2022,share**
2371,sharp,,,**,common,중학교·고등 공통과목 권장(**),kr-curriculum-2022,sharp**
2372,shave,,,**,common,중학교·고등 공통과목 권장(**),kr-curriculum-2022,shave**
2373,she,,,*,elementary,초등학교 권장(*),kr-curriculum-2022,she*
2374,sheep,,,**,common,중학교·고등 공통과목 권장(**),kr-curriculum-2022,sheep**
2375,sheet,,,**,common,중학교·고등 공통과목 권장(**),kr-curriculum-2022,sheet**
2376,shelf,,,**,common,중학교·고등 공통과목 권장(**),kr-curriculum-2022,shelf**
2377,shell,,,**,common,중학교·고등 공통과목 권장(**),kr-curriculum-2022,shell**
2378,shelter,,,**,common,중학교·고등 공통과목 권장(**),kr-curriculum-2022,shelter**
2379,shift,,,**,common,중학교·고등 공통과목 권장(**),kr-curriculum-2022,shift**
2380,shine,,,**,common,중학교·고등 공통과목 권장(**),kr-curriculum-2022,shine**
2381,ship,,,*,elementary,초등학교 권장(*),kr-curriculum-2022,ship*
2382,shirt,,,*,elementary,초등학교 권장(*),kr-curriculum-2022,shirt*
2383,shock,,,**,common,중학교·고등 공통과목 권장(**),kr-curriculum-2022,shock**
2384,shoe,,,*,elementary,초등학교 권장(*),kr-curriculum-2022,shoe*
2385,shoot,,,**,common,중학교·고등 공통과목 권장(**),kr-curriculum-2022,shoot**
2386,shop,,,*,elementary,초등학교 권장(*),kr-curriculum-2022,shop*
2387,shore,,,**,common,중학교·고등 공통과목 권장(**),kr-curriculum-2022,shore**
2388,short,,,*,elementary,초등학교 권장(*),kr-curriculum-2022,short*
2389,should,,,*,elementary,초등학교 권장(*),kr-curriculum-2022,should*
2390,shoulder,,,**,common,중학교·고등 공통과목 권장(**),kr-curriculum-2022,shoulder**
2391,shout,,,**,common,중학교·고등 공통과목 권장(**),kr-curriculum-2022,shout**
2392,show,,,*,elementary,초등학교 권장(*),kr-curriculum-2022,show*
2393,shower,,,**,common,중학교·고등 공통과목 권장(**),kr-curriculum-2022,shower**
2394,shut,,,**,common,중학교·고등 공통과목 권장(**),kr-curriculum-2022,shut**
2395,shy,,,*,elementary,초등학교 권장(*),kr-curriculum-2022,shy*
2396,sick,,,*,elementary,초등학교 권장(*),kr-curriculum-2022,sick*
2397,side,,,*,elementary,초등학교 권장(*),kr-curriculum-2022,side*
2398,sigh,,,,elective,그 외 과목,kr-curriculum-2022,sigh
2399,sight,,,**,common,중학교·고등 공통과목 권장(**),kr-curriculum-2022,sight**
2400,sign,,significant,**,common,중학교·고등 공통과목 권장(**),kr-curriculum-2022,sign** (significant)
2401,silent,,,,elective,그 외 과목,kr-curriculum-2022,silent
2402,silly,,,**,common,중학교·고등 공통과목 권장(**),kr-curriculum-2022,silly**
2403,silver,,,**,common,중학교·고등 공통과목 권장(**),kr-curriculum-2022,silver**
2404,similar,,,**,common,중학교·고등 공통과목 권장(**),kr-curriculum-2022,similar**
2405,simple,,,**,common,중학교·고등 공통과목 권장(**),kr-curriculum-2022,simple**
2406,simulate,,,,elective,그 외 과목,kr-curriculum-2022,simulate
2407,simultaneous,,,,elective,그 외 과목,kr-curriculum-2022,simultaneous
2408,sin,,,,elective,그 외 과목,kr-curriculum-2022,sin
2409,since,,,**,common,중학교·고등 공통과목 권장(**),kr-curriculum-2022,since**
2410,sing,,,*,elementary,초등학교 권장(*),kr-curriculum-2022,sing*
2411,single,,,**,common,중학교·고등 공통과목 권장(**),kr-curriculum-2022,single**
2412,sink,,,**,common,중학교·고등 공통과목 권장(**),kr-curriculum-2022,sink**
2413,sister,,,*,elementary,초등학교 권장(*),kr-curriculum-2022,sister*
2414,sit,,,*,elementary,초등학교 권장(*),kr-curriculum-2022,sit*
2415,site,,,**,common,중학교·고등 공통과목 권장(**),kr-curriculum-2022,site**
2416,situate,,situation,**,common,중학교·고등 공통과목 권장(**),kr-curriculum-2022,situate** (situation)
2417,six,,,*,elementary,초등학교 권장(*),kr-curriculum-2022,six*
2418,size,,,*,elementary,초등학교 권장(*),kr-curriculum-2022,size*
2419,skate,,,*,elementary,초등학교 권장(*),kr-curriculum-2022,skate*
2420,ski,,,*,elementary,초등학교 권장(*),kr-curriculum-2022,ski*
2421,skill,,,**,common,중학교·고등 공통과목 권장(**),kr-curriculum-2022,skill**
2422,skin,,,*,elementary,초등학교 권장(*),kr-curriculum-2022,skin*
2423,skip,,,,elective,그 외 과목,kr-curriculum-2022,skip
2424,skirt,,,*,elementary,초등학교 권장(*),kr-curriculum-2022,skirt*
2425,sky,,,*,elementary,초등학교 권장(*),kr-curriculum-2022,sky*
2426,slave,,,**,common,중학교·고등 공통과목 권장(**),kr-curriculum-2022,slave**
2427,sleep,,,*,elementary,초등학교 권장(*),kr-curriculum-2022,sleep*
2428,slice,,,,elective,그 외 과목,kr-curriculum-2022,slice
2429,slide,,,**,common,중학교·고등 공통과목 권장(**),kr-curriculum-2022,slide**
2430,slight,,,**,common,중학교·고등 공통과목 권장(**),kr-curriculum-2022,slight**
2431,slim,,,,elective,그 외 과목,kr-curriculum-2022,slim
2432,slip,,,**,common,중학교·고등 공통과목 권장(**),kr-curriculum-2022,slip**
2433,slope,,,,elective,그 외 과목,kr-curriculum-2022,slope
2434,slow,,,*,elementary,초등학교 권장(*),kr-curriculum-2022,slow*
2435,small,,,*,elementary,초등학교 권장(*),kr-curriculum-2022,small*
2436,smart,,,**,common,중학교·고등 공통과목 권장(**),kr-curriculum-2022,smart**
2437,smash,,,**,common,중학교·고등 공통과목 권장(**),kr-curriculum-2022,smash**
2438,smell,,,*,elementary,초등학교 권장(*),kr-curriculum-2022,smell*
2439,smile,,,*,elementary,초등학교 권장(*),kr-curriculum-2022,smile*
2440,smoke,,,**,common,중학교·고등 공통과목 권장(**),kr-curriculum-2022,smoke**
2441,smooth,,,**,common,중학교·고등 공통과목 권장(**),kr-curriculum-2022,smooth**
2442,snack,,,**,common,중학교·고등 공통과목 권장(**),kr-curriculum-2022,snack**
2443,snake,,,**,common,중학교·고등 공통과목 권장(**),kr-curriculum-2022,snake**
2444,snap,,,**,common,중학교·고등 공통과목 권장(**),kr-curriculum-2022,snap**
2445,sneak,,,,elective,그 외 과목,kr-curriculum-2022,sneak
2446,snow,,,*,elementary,초등학교 권장(*),kr-curriculum-2022,snow*
2447,so,,,*,elementary,초등학교 권장(*),kr-curriculum-2022,so*
2448,soak,,,,elective,그 외 과목,kr-curriculum-2022,soak
2449,soap,,,,elective,그 외 과목,kr-curriculum-2022,soap
2450,soccer,,,*,elementary,초등학교 권장(*),kr-curriculum-2022,soccer*
2451,social,,,**,common,중학교·고등 공통과목 권장(**),kr-curriculum-2022,social**
2452,society,,,**,common,중학교·고등 공통과목 권장(**),kr-curriculum-2022,society**
2453,sociology,,,,elective,그 외 과목,kr-curriculum-2022,sociology
2454,sock,,,*,elementary,초등학교 권장(*),kr-curriculum-2022,sock*
2455,soft,,,*,elementary,초등학교 권장(*),kr-curriculum-2022,soft*
2456,software,,,*,elementary,초등학교 권장(*),kr-curriculum-2022,software*
2457,soil,,,**,common,중학교·고등 공통과목 권장(**),kr-curriculum-2022,soil**
2458,soldier,,,**,common,중학교·고등 공통과목 권장(**),kr-curriculum-2022,soldier**
2459,sole,,,,elective,그 외 과목,kr-curriculum-2022,sole
2460,solid,,,**,common,중학교·고등 공통과목 권장(**),kr-curriculum-2022,solid**
2461,solve,,,**,common,중학교·고등 공통과목 권장(**),kr-curriculum-2022,solve**
2462,some,,,*,elementary,초등학교 권장(*),kr-curriculum-2022,some*
2463,somewhat,,,**,common,중학교·고등 공통과목 권장(**),kr-curriculum-2022,somewhat**
2464,son,,,*,elementary,초등학교 권장(*),kr-curriculum-2022,son*
2465,song,,,*,elementary,초등학교 권장(*),kr-curriculum-2022,song*
2466,soon,,,**,common,중학교·고등 공통과목 권장(**),kr-curriculum-2022,soon**
2467,sophisticate,,,,elective,그 외 과목,kr-curriculum-2022,sophisticate
2468,sore,,,**,common,중학교·고등 공통과목 권장(**),kr-curriculum-2022,sore**
2469,sorry,,,*,elementary,초등학교 권장(*),kr-curriculum-2022,sorry*
2470,sort,,,**,common,중학교·고등 공통과목 권장(**),kr-curriculum-2022,sort**
2471,soul,,,**,common,중학교·고등 공통과목 권장(**),kr-curriculum-2022,soul**
2472,sound,,,*,elementary,초등학교 권장(*),kr-curriculum-2022,sound*
2473,soup,,,*,elementary,초등학교 권장(*),kr-curriculum-2022,soup*
2474,sour,,,**,common,중학교·고등 공통과목 권장(**),kr-curriculum-2022,sour**
2475,source,,,**,common,중학교·고등 공통과목 권장(**),kr-curriculum-2022,source**
2476,south,,,*,elementary,초등학교 권장(*),kr-curriculum-2022,south*
2477,space,,,*,elementary,초등학교 권장(*),kr-curriculum-2022,space*
2478,spaghetti,,,*,elementary,초등학교 권장(*),kr-curriculum-2022,spaghetti*
2479,span,,,,elective,그 외 과목,kr-curriculum-2022,span
2480,spare,,,**,common,중학교·고등 공통과목 권장(**),kr-curriculum-2022,spare**
2481,spark,,,,elective,그 외 과목,kr-curriculum-2022,spark
2482,speak,,,*,elementary,초등학교 권장(*),kr-curriculum-2022,speak*
2483,species,,special,**,common,중학교·고등 공통과목 권장(**),kr-curriculum-2022,species** (special)
2484,specific,,,**,common,중학교·고등 공통과목 권장(**),kr-curriculum-2022,specific**
2485,spectacle,,,,elective,그 외 과목,kr-curriculum-2022,spectacle
2486,spectrum,,,,elective,그 외 과목,kr-curriculum-2022,spectrum
2487,speech,,,**,common,중학교·고등 공통과목 권장(**),kr-curriculum-2022,speech**
2488,speed,,,*,elementary,초등학교 권장(*),kr-curriculum-2022,speed*
2489,spell,,,**,common,중학교·고등 공통과목 권장(**),kr-curriculum-2022,spell**
2490,spend,,,**,common,중학교·고등 공통과목 권장(**),kr-curriculum-2022,spend**
2491,sphere,,,,elective,그 외 과목,kr-curriculum-2022,sphere
2492,spill,,,,elective,그 외 과목,kr-curriculum-2022,spill
2493,spin,,,**,common,중학교·고등 공통과목 권장(**),kr-curriculum-2022,spin**
2494,spirit,,,**,common,중학교·고등 공통과목 권장(**),kr-curriculum-2022,spirit**
2495,spit,,,,elective,그 외 과목,kr-curriculum-2022,spit
2496,splash,,,,elective,그 외 과목,kr-curriculum-2022,splash
2497,split,,,,elective,그 외 과목,kr-curriculum-2022,split
2498,spoil,,,**,common,중학교·고등 공통과목 권장(**),kr-curriculum-2022,spoil**
2499,sponsor,,,**,common,중학교·고등 공통과목 권장(**),kr-curriculum-2022,sponsor**
2500,spoon,,,*,elementary,초등학교 권장(*),kr-curriculum-2022,spoon*
2501,sport,,,*,elementary,초등학교 권장(*),kr-curriculum-2022,sport*
2502,spot,,,**,common,중학교·고등 공통과목 권장(**),kr-curriculum-2022,spot**
2503,spouse,,,,elective,그 외 과목,kr-curriculum-2022,spouse
2504,spray,,,**,common,중학교·고등 공통과목 권장(**),kr-curriculum-2022,spray**
2505,spread,,,**,common,중학교·고등 공통과목 권장(**),kr-curriculum-2022,spread**
2506,spring,,,*,elementary,초등학교 권장(*),kr-curriculum-2022,spring*
2507,spy,,,**,common,중학교·고등 공통과목 권장(**),kr-curriculum-2022,spy**
2508,square,,,**,common,중학교·고등 공통과목 권장(**),kr-curriculum-2022,square**
2509,squeeze,,,,elective,그 외 과목,kr-curriculum-2022,squeeze
2510,stable,,,**,common,중학교·고등 공통과목 권장(**),kr-curriculum-2022,stable**
2511,stack,,,,elective,그 외 과목,kr-curriculum-2022,stack
2512,staff,,,*,elementary,초등학교 권장(*),kr-curriculum-2022,staff*
2513,stage,,,**,common,중학교·고등 공통과목 권장(**),kr-curriculum-2022,stage**
2514,stain,,,,elective,그 외 과목,kr-curriculum-2022,stain
2515,stairs,,,**,common,중학교·고등 공통과목 권장(**),kr-curriculum-2022,stairs**
2516,stamp,,,**,common,중학교·고등 공통과목 권장(**),kr-curriculum-2022,stamp**
2517,stand,,,*,elementary,초등학교 권장(*),kr-curriculum-2022,stand*
2518,standard,,,**,common,중학교·고등 공통과목 권장(**),kr-curriculum-2022,standard**
2519,star,,,*,elementary,초등학교 권장(*),kr-curriculum-2022,star*
2520,stare,,,**,common,중학교·고등 공통과목 권장(**),kr-curriculum-2022,stare**
2521,start,,,*,elementary,초등학교 권장(*),kr-curriculum-2022,start*
2522,starve,,,,elective,그 외 과목,kr-curriculum-2022,starve
2523,state,,,**,common,중학교·고등 공통과목 권장(**),kr-curriculum-2022,state**
2524,station,,,**,common,중학교·고등 공통과목 권장(**),kr-curriculum-2022,station**
2525,statistic,,,,elective,그 외 과목,kr-curriculum-2022,statistic
2526,statue,,,,elective,그 외 과목,kr-curriculum-2022,statue
2527,status,,,,elective,그 외 과목,kr-curriculum-2022,status
2528,stay,,,*,elementary,초등학교 권장(*),kr-curriculum-2022,stay*
2529,steady,,,**,common,중학교·고등 공통과목 권장(**),kr-curriculum-2022,steady**
2530,steak,,,*,elementary,초등학교 권장(*),kr-curriculum-2022,steak*
2531,steal,,,**,common,중학교·고등 공통과목 권장(**),kr-curriculum-2022,steal**
2532,steam,,,**,common,중학교·고등 공통과목 권장(**),kr-curriculum-2022,steam**
2533,steel,,,**,common,중학교·고등 공통과목 권장(**),kr-curriculum-2022,steel**
2534,steep,,,,elective,그 외 과목,kr-curriculum-2022,steep
2535,stem,,,,elective,그 외 과목,kr-curriculum-2022,stem
2536,step,,,**,common,중학교·고등 공통과목 권장(**),kr-curriculum-2022,step**
2537,stick,,,**,common,중학교·고등 공통과목 권장(**),kr-curriculum-2022,stick**
2538,stiff,,,,elective,그 외 과목,kr-curriculum-2022,stiff
2539,still,,,**,common,중학교·고등 공통과목 권장(**),kr-curriculum-2022,still**
2540,stimulate,,,,elective,그 외 과목,kr-curriculum-2022,stimulate
2541,stir,,,**,common,중학교·고등 공통과목 권장(**),kr-curriculum-2022,stir**
2542,stitch,,,,elective,그 외 과목,kr-curriculum-2022,stitch
2543,stock,,,**,common,중학교·고등 공통과목 권장(**),kr-curriculum-2022,stock**
2544,stomach,,,**,common,중학교·고등 공통과목 권장(**),kr-curriculum-2022,stomach**
2545,stone,,,*,elementary,초등학교 권장(*),kr-curriculum-2022,stone*
2546,stop,,,*,elementary,초등학교 권장(*),kr-curriculum-2022,stop*
2547,store,,,*,elementary,초등학교 권장(*),kr-curriculum-2022,store*
2548,storm,,,**,common,중학교·고등 공통과목 권장(**),kr-curriculum-2022,storm**
2549,story,,,*,elementary,초등학교 권장(*),kr-curriculum-2022,story*
2550,stove,,,,elective,그 외 과목,kr-curriculum-2022,stove
2551,straight,,,**,common,중학교·고등 공통과목 권장(**),kr-curriculum-2022,straight**
2552,strain,,,,elective,그 외 과목,kr-curriculum-2022,strain
2553,strange,,,**,common,중학교·고등 공통과목 권장(**),kr-curriculum-2022,strange**
2554,strategy,,,**,common,중학교·고등 공통과목 권장(**),kr-curriculum-2022,strategy**
2555,strawberry,,,**,common,중학교·고등 공통과목 권장(**),kr-curriculum-2022,strawberry**
2556,stream,,,**,common,중학교·고등 공통과목 권장(**),kr-curriculum-2022,stream**
2557,street,,,*,elementary,초등학교 권장(*),kr-curriculum-2022,street*
2558,stress,,,**,common,중학교·고등 공통과목 권장(**),kr-curriculum-2022,stress**
2559,stretch,,,**,common,중학교·고등 공통과목 권장(**),kr-curriculum-2022,stretch**
2560,strict,,,,elective,그 외 과목,kr-curriculum-2022,strict
2561,strike,,,**,common,중학교·고등 공통과목 권장(**),kr-curriculum-2022,strike**
2562,string,,,**,common,중학교·고등 공통과목 권장(**),kr-curriculum-2022,string**
2563,strip,,,,elective,그 외 과목,kr-curriculum-2022,strip
2564,stripe,,,,elective,그 외 과목,kr-curriculum-2022,stripe
2565,stroke,,,,elective,그 외 과목,kr-curriculum-2022,stroke
2566,strong,,,*,elementary,초등학교 권장(*),kr-curriculum-2022,strong*
2567,structure,,,**,common,중학교·고등 공통과목 권장(**),kr-curriculum-2022,structure**
2568,struggle,,,**,common,중학교·고등 공통과목 권장(**),kr-curriculum-2022,struggle**
2569,studio,,,**,common,중학교·고등 공통과목 권장(**),kr-curriculum-2022,studio**
2570,study,,student,*,elementary,초등학교 권장(*),kr-curriculum-2022,study* (student)
2571,stuff,,,**,common,중학교·고등 공통과목 권장(**),kr-curriculum-2022,stuff**
2572,style,,,*,elementary,초등학교 권장(*),kr-curriculum-2022,style*
2573,subject,,subjective,**,common,중학교·고등 공통과목 권장(**),kr-curriculum-2022,subject** (subjective)
2574,submarine,,,,elective,그 외 과목,kr-curriculum-2022,submarine
2575,submit,,submission,,elective,그 외 과목,kr-curriculum-2022,submit (submission)
2576,subscribe,,,,elective,그 외 과목,kr-curriculum-2022,subscribe
2577,substance,,substantial,,elective,그 외 과목,kr-curriculum-2022,substance (substantial)
2578,substitute,,,,elective,그 외 과목,kr-curriculum-2022,substitute
2579,subtle,,,,elective,그 외 과목,kr-curriculum-2022,subtle
2580,suburb,,,,elective,그 외 과목,kr-curriculum-2022,suburb
2581,subway,,,*,elementary,초등학교 권장(*),kr-curriculum-2022,subway*
2582,succeed,,,**,common,중학교·고등 공통과목 권장(**),kr-curriculum-2022,succeed**
2583,success,,,**,common,중학교·고등 공통과목 권장(**),kr-curriculum-2022,success**
2584,such,,,**,common,중학교·고등 공통과목 권장(**),kr-curriculum-2022,such**
2585,suck,,,,elective,그 외 과목,kr-curriculum-2022,suck
2586,sudden,,,**,common,중학교·고등 공통과목 권장(**),kr-curriculum-2022,sudden**
2587,suffer,,,**,common,중학교·고등 공통과목 권장(**),kr-curriculum-2022,suffer**
2588,suffice,,sufficient,,elective,그 외 과목,kr-curriculum-2022,suffice (sufficient)
2589,sugar,,,*,elementary,초등학교 권장(*),kr-curriculum-2022,sugar*
2590,suggest,,,**,common,중학교·고등 공통과목 권장(**),kr-curriculum-2022,suggest**
2591,suicide,,,,elective,그 외 과목,kr-curriculum-2022,suicide
2592,suit,,,**,common,중학교·고등 공통과목 권장(**),kr-curriculum-2022,suit**
2593,suite,,,,elective,그 외 과목,kr-curriculum-2022,suite
2594,sum,,summary,**,common,중학교·고등 공통과목 권장(**),kr-curriculum-2022,sum** (summary)
2595,summer,,,*,elementary,초등학교 권장(*),kr-curriculum-2022,summer*
2596,summit,,,,elective,그 외 과목,kr-curriculum-2022,summit
2597,sun,,,*,elementary,초등학교 권장(*),kr-curriculum-2022,sun*
2598,super,,,**,common,중학교·고등 공통과목 권장(**),kr-curriculum-2022,super**
2599,superb,,,,elective,그 외 과목,kr-curriculum-2022,superb
2600,superior,,,,elective,그 외 과목,kr-curriculum-2022,superior
2601,supervise,,,,elective,그 외 과목,kr-curriculum-2022,supervise
2602,supper,,,**,common,중학교·고등 공통과목 권장(**),kr-curriculum-2022,supper**
2603,supplement,,,,elective,그 외 과목,kr-curriculum-2022,supplement
2604,supply,,,**,common,중학교·고등 공통과목 권장(**),kr-curriculum-2022,supply**
2605,support,,,**,common,중학교·고등 공통과목 권장(**),kr-curriculum-2022,support**
2606,suppose,,,**,common,중학교·고등 공통과목 권장(**),kr-curriculum-2022,suppose**
2607,sure,,ensure,*,elementary,초등학교 권장(*),kr-curriculum-2022,sure* (ensure)
2608,surface,,,**,common,중학교·고등 공통과목 권장(**),kr-curriculum-2022,surface**
2609,surgery,,,,elective,그 외 과목,kr-curriculum-2022,surgery
2610,surprise,,,**,common,중학교·고등 공통과목 권장(**),kr-curriculum-2022,surprise**
2611,surrender,,,,elective,그 외 과목,kr-curriculum-2022,surrender
2612,surround,,,**,common,중학교·고등 공통과목 권장(**),kr-curriculum-2022,surround**
2613,survey,,,**,common,중학교·고등 공통과목 권장(**),kr-curriculum-2022,survey**
2614,survive,,,**,common,중학교·고등 공통과목 권장(**),kr-curriculum-2022,survive**
2615,suspect,,,**,common,중학교·고등 공통과목 권장(**),kr-curriculum-2022,suspect**
2616,suspend,,,,elective,그 외 과목,kr-curriculum-2022,suspend
2617,sustain,,,,elective,그 외 과목,kr-curriculum-2022,sustain
2618,swallow,,,**,common,중학교·고등 공통과목 권장(**),kr-curriculum-2022,swallow**
2619,swear,,,,elective,그 외 과목,kr-curriculum-2022,swear
2620,sweat,,,,elective,그 외 과목,kr-curriculum-2022,sweat
2621,sweater,,,**,common,중학교·고등 공통과목 권장(**),kr-curriculum-2022,sweater**
2622,sweep,,,**,common,중학교·고등 공통과목 권장(**),kr-curriculum-2022,sweep**
2623,sweet,,,**,common,중학교·고등 공통과목 권장(**),kr-curriculum-2022,sweet**
2624,swell,,,,elective,그 외 과목,kr-curriculum-2022,swell
2625,swift,,,,elective,그 외 과목,kr-curriculum-2022,swift
2626,swim,,,*,elementary,초등학교 권장(*),kr-curriculum-2022,swim*
2627,swing,,,**,common,중학교·고등 공통과목 권장(**),kr-curriculum-2022,swing**
2628,switch,,,**,common,중학교·고등 공통과목 권장(**),kr-curriculum-2022,switch**
2629,symbol,,,,elective,그 외 과목,kr-curriculum-2022,symbol
2630,sympathy,,,,elective,그 외 과목,kr-curriculum-2022,sympathy
2631,symphony,,,,elective,그 외 과목,kr-curriculum-2022,symphony
2632,symptom,,,,elective,그 외 과목,kr-curriculum-2022,symptom
2633,system,,,**,common,중학교·고등 공통과목 권장(**),kr-curriculum-2022,system**
2634,table,,,*,elementary,초등학교 권장(*),kr-curriculum-2022,table*
2635,tackle,,,,elective,그 외 과목,kr-curriculum-2022,tackle
2636,tag,,,,elective,그 외 과목,kr-curriculum-2022,tag
2637,tail,,,*,elementary,초등학교 권장(*),kr-curriculum-2022,tail*
2638,take,,mistake,*,elementary,초등학교 권장(*),kr-curriculum-2022,take* (mistake)
2639,tale,,,**,common,중학교·고등 공통과목 권장(**),kr-curriculum-2022,tale**
2640,talent,,,,elective,그 외 과목,kr-curriculum-2022,talent
2641,talk,,,*,elementary,초등학교 권장(*),kr-curriculum-2022,talk*
2642,tall,,,*,elementary,초등학교 권장(*),kr-curriculum-2022,tall*
2643,tank,,,**,common,중학교·고등 공통과목 권장(**),kr-curriculum-2022,tank**
2644,tap,,,**,common,중학교·고등 공통과목 권장(**),kr-curriculum-2022,tap**
2645,tape,,,*,elementary,초등학교 권장(*),kr-curriculum-2022,tape*
2646,target,,,**,common,중학교·고등 공통과목 권장(**),kr-curriculum-2022,target**
2647,task,,,,elective,그 외 과목,kr-curriculum-2022,task
2648,taste,,,*,elementary,초등학교 권장(*),kr-curriculum-2022,taste*
2649,tax,,,**,common,중학교·고등 공통과목 권장(**),kr-curriculum-2022,tax**
2650,taxi,,,*,elementary,초등학교 권장(*),kr-curriculum-2022,taxi*
2651,tea,,,**,common,중학교·고등 공통과목 권장(**),kr-curriculum-2022,tea**
2652,teach,,,*,elementary,초등학교 권장(*),kr-curriculum-2022,teach*
2653,team,,,*,elementary,초등학교 권장(*),kr-curriculum-2022,team*
2654,tear,,,**,common,중학교·고등 공통과목 권장(**),kr-curriculum-2022,tear**
2655,tease,,,,elective,그 외 과목,kr-curriculum-2022,tease
2656,technique,technic,,**,common,중학교·고등 공통과목 권장(**),kr-curriculum-2022,technique** / technic**
2657,technology,,,**,common,중학교·고등 공통과목 권장(**),kr-curriculum-2022,technology**
2658,teenage,,,**,common,중학교·고등 공통과목 권장(**),kr-curriculum-2022,teenage**
2659,telegraph,,,,elective,그 외 과목,kr-curriculum-2022,telegraph
2660,telephone,phone,,*,elementary,초등학교 권장(*),kr-curriculum-2022,telephone* / phone*
2661,television,,,*,elementary,초등학교 권장(*),kr-curriculum-2022,television*
2662,tell,,,*,elementary,초등학교 권장(*),kr-curriculum-2022,tell*
2663,temperature,,,**,common,중학교·고등 공통과목 권장(**),kr-curriculum-2022,temperature**
2664,temple,,,,elective,그 외 과목,kr-curriculum-2022,temple
2665,temporary,,,,elective,그 외 과목,kr-curriculum-2022,temporary
2666,tempt,,,,elective,그 외 과목,kr-curriculum-2022,tempt
2667,ten,,,*,elementary,초등학교 권장(*),kr-curriculum-2022,ten*
2668,tenant,,,,elective,그 외 과목,kr-curriculum-2022,tenant
2669,tend,,,**,common,중학교·고등 공통과목 권장(**),kr-curriculum-2022,tend**
2670,tender,,,,elective,그 외 과목,kr-curriculum-2022,tender
2671,tennis,,,*,elementary,초등학교 권장(*),kr-curriculum-2022,tennis*
2672,tense,,,**,common,중학교·고등 공통과목 권장(**),kr-curriculum-2022,tense**
2673,tent,,,*,elementary,초등학교 권장(*),kr-curriculum-2022,tent*
2674,term,,,**,common,중학교·고등 공통과목 권장(**),kr-curriculum-2022,term**
2675,terminal,,,,elective,그 외 과목,kr-curriculum-2022,terminal
2676,terminate,,,,elective,그 외 과목,kr-curriculum-2022,terminate
2677,terrace,,,,elective,그 외 과목,kr-curriculum-2022,terrace
2678,terrible,,,**,common,중학교·고등 공통과목 권장(**),kr-curriculum-2022,terrible**
2679,terrific,,,,elective,그 외 과목,kr-curriculum-2022,terrific
2680,territory,,,,elective,그 외 과목,kr-curriculum-2022,territory
2681,terror,,terrorist,,elective,그 외 과목,kr-curriculum-2022,terror (terrorist)
2682,test,,,*,elementary,초등학교 권장(*),kr-curriculum-2022,test*
2683,text,,,**,common,중학교·고등 공통과목 권장(**),kr-curriculum-2022,text**
2684,textbook,,,*,elementary,초등학교 권장(*),kr-curriculum-2022,textbook*
2685,than,,,*,elementary,초등학교 권장(*),kr-curriculum-2022,than*
2686,thank,,,*,elementary,초등학교 권장(*),kr-curriculum-2022,thank*
2687,that,,,*,elementary,초등학교 권장(*),kr-curriculum-2022,that*
2688,the,,,*,elementary,초등학교 권장(*),kr-curriculum-2022,the*
2689,theater,theatre,,**,common,중학교·고등 공통과목 권장(**),kr-curriculum-2022,theater** / theatre**
2690,theme,,,,elective,그 외 과목,kr-curriculum-2022,theme
2691,then,,,**,common,중학교·고등 공통과목 권장(**),kr-curriculum-2022,then**
2692,theory,,,**,common,중학교·고등 공통과목 권장(**),kr-curriculum-2022,theory**
2693,therapy,,,,elective,그 외 과목,kr-curriculum-2022,therapy
2694,there,,,*,elementary,초등학교 권장(*),kr-curriculum-2022,there*
2695,therefore,,,**,common,중학교·고등 공통과목 권장(**),kr-curriculum-2022,therefore**
2696,they,,,*,elementary,초등학교 권장(*),kr-curriculum-2022,they*
2697,thick,,,**,common,중학교·고등 공통과목 권장(**),kr-curriculum-2022,thick**
2698,thief,,,**,common,중학교·고등 공통과목 권장(**),kr-curriculum-2022,thief**
2699,thin,,,**,common,중학교·고등 공통과목 권장(**),kr-curriculum-2022,thin**
2700,thing,,,*,elementary,초등학교 권장(*),kr-curriculum-2022,thing*
2701,think,,,*,elementary,초등학교 권장(*),kr-curriculum-2022,think*
2702,third,,,*,elementary,초등학교 권장(*),kr-curriculum-2022,third*
2703,thirst,,,*,elementary,초등학교 권장(*),kr-curriculum-2022,thirst*
2704,thirteen,,,*,elementary,초등학교 권장(*),kr-curriculum-2022,thirteen*
2705,thirty,,,*,elementary,초등학교 권장(*),kr-curriculum-2022,thirty*
2706,this,,,*,elementary,초등학교 권장(*),kr-curriculum-2022,this*
2707,thorough,,,,elective,그 외 과목,kr-curriculum-2022,thorough
2708,though,,,**,common,중학교·고등 공통과목 권장(**),kr-curriculum-2022,though**
2709,thousand,,,**,common,중학교·고등 공통과목 권장(**),kr-curriculum-2022,thousand**
2710,thread,,,,elective,그 외 과목,kr-curriculum-2022,thread
2711,threat,,,**,common,중학교·고등 공통과목 권장(**),kr-curriculum-2022,threat**
2712,three,,,*,elementary,초등학교 권장(*),kr-curriculum-2022,three*
2713,thrill,,,,elective,그 외 과목,kr-curriculum-2022,thrill
2714,throat,,,**,common,중학교·고등 공통과목 권장(**),kr-curriculum-2022,throat**
2715,through,,,**,common,중학교·고등 공통과목 권장(**),kr-curriculum-2022,through**
2716,throw,,,**,common,중학교·고등 공통과목 권장(**),kr-curriculum-2022,throw**
2717,thumb,,,,elective,그 외 과목,kr-curriculum-2022,thumb
2718,thus,,,**,common,중학교·고등 공통과목 권장(**),kr-curriculum-2022,thus**
2719,tick,,,,elective,그 외 과목,kr-curriculum-2022,tick
2720,ticket,,,*,elementary,초등학교 권장(*),kr-curriculum-2022,ticket*
2721,tide,,tidy,**,common,중학교·고등 공통과목 권장(**),kr-curriculum-2022,tide** (tidy)
2722,tie,,,**,common,중학교·고등 공통과목 권장(**),kr-curriculum-2022,tie**
2723,tiger,,,*,elementary,초등학교 권장(*),kr-curriculum-2022,tiger*
2724,tight,,,**,common,중학교·고등 공통과목 권장(**),kr-curriculum-2022,tight**
2725,till,,,**,common,중학교·고등 공통과목 권장(**),kr-curriculum-2022,till**
2726,timber,,,,elective,그 외 과목,kr-curriculum-2022,timber
2727,time,,,*,elementary,초등학교 권장(*),kr-curriculum-2022,time*
2728,tin,,,**,common,중학교·고등 공통과목 권장(**),kr-curriculum-2022,tin**
2729,tiny,,,**,common,중학교·고등 공통과목 권장(**),kr-curriculum-2022,tiny**
2730,tip,,,**,common,중학교·고등 공통과목 권장(**),kr-curriculum-2022,tip**
2731,tire,,tired,*,elementary,초등학교 권장(*),kr-curriculum-2022,tire* (tired)
2732,tissue,,,,elective,그 외 과목,kr-curriculum-2022,tissue
2733,title,,entitle,**,common,중학교·고등 공통과목 권장(**),kr-curriculum-2022,title** (entitle)
2734,to,,,*,elementary,초등학교 권장(*),kr-curriculum-2022,to*
2735,toast,,,**,common,중학교·고등 공통과목 권장(**),kr-curriculum-2022,toast**
2736,today,,,*,elementary,초등학교 권장(*),kr-curriculum-2022,today*
2737,toe,,,**,common,중학교·고등 공통과목 권장(**),kr-curriculum-2022,toe**
2738,together,,,*,elementary,초등학교 권장(*),kr-curriculum-2022,together*
2739,toilet,,,**,common,중학교·고등 공통과목 권장(**),kr-curriculum-2022,toilet**
2740,tomato,,,*,elementary,초등학교 권장(*),kr-curriculum-2022,tomato*
2741,tomorrow,,,*,elementary,초등학교 권장(*),kr-curriculum-2022,tomorrow*
2742,tone,,,**,common,중학교·고등 공통과목 권장(**),kr-curriculum-2022,tone**
2743,tongue,,,**,common,중학교·고등 공통과목 권장(**),kr-curriculum-2022,tongue**
2744,tonight,,,*,elementary,초등학교 권장(*),kr-curriculum-2022,tonight*
2745,too,,,*,elementary,초등학교 권장(*),kr-curriculum-2022,too*
2746,tool,,,**,common,중학교·고등 공통과목 권장(**),kr-curriculum-2022,tool**
2747,tooth,,,*,elementary,초등학교 권장(*),kr-curriculum-2022,tooth*
2748,top,,,*,elementary,초등학교 권장(*),kr-curriculum-2022,top*
2749,topic,,,**,common,중학교·고등 공통과목 권장(**),kr-curriculum-2022,topic**
2750,torture,,,,elective,그 외 과목,kr-curriculum-2022,torture
2751,toss,,,,elective,그 외 과목,kr-curriculum-2022,toss
2752,total,,,**,common,중학교·고등 공통과목 권장(**),kr-curriculum-2022,total**
2753,touch,,,*,elementary,초등학교 권장(*),kr-curriculum-2022,touch*
2754,tough,,,**,common,중학교·고등 공통과목 권장(**),kr-curriculum-2022,tough**
2755,tour,,,**,common,중학교·고등 공통과목 권장(**),kr-curriculum-2022,tour**
2756,toward,towards,,**,common,중학교·고등 공통과목 권장(**),kr-curriculum-2022,toward** / towards**
2757,towel,,,**,common,중학교·고등 공통과목 권장(**),kr-curriculum-2022,towel**
2758,tower,,,**,common,중학교·고등 공통과목 권장(**),kr-curriculum-2022,tower**
2759,town,,,*,elementary,초등학교 권장(*),kr-curriculum-2022,town*
2760,toxic,,,,elective,그 외 과목,kr-curriculum-2022,toxic
2761,toy,,,*,elementary,초등학교 권장(*),kr-curriculum-2022,toy*
2762,trace,,,**,common,중학교·고등 공통과목 권장(**),kr-curriculum-2022,trace**
2763,track,,,*,elementary,초등학교 권장(*),kr-curriculum-2022,track*
2764,trade,,,**,common,중학교·고등 공통과목 권장(**),kr-curriculum-2022,trade**
2765,tradition,,,**,common,중학교·고등 공통과목 권장(**),kr-curriculum-2022,tradition**
2766,traffic,,,**,common,중학교·고등 공통과목 권장(**),kr-curriculum-2022,traffic**
2767,tragic,,,,elective,그 외 과목,kr-curriculum-2022,tragic
2768,trail,,,,elective,그 외 과목,kr-curriculum-2022,trail
2769,train,,,*,elementary,초등학교 권장(*),kr-curriculum-2022,train*
2770,transact,,,,elective,그 외 과목,kr-curriculum-2022,transact
2771,transfer,,,**,common,중학교·고등 공통과목 권장(**),kr-curriculum-2022,transfer**
2772,transform,,,,elective,그 외 과목,kr-curriculum-2022,transform
2773,transition,,,,elective,그 외 과목,kr-curriculum-2022,transition
2774,translate,,,,elective,그 외 과목,kr-curriculum-2022,translate
2775,transmit,,,,elective,그 외 과목,kr-curriculum-2022,transmit
2776,transport,,transportation,**,common,중학교·고등 공통과목 권장(**),kr-curriculum-2022,transport** (transportation)
2777,trap,,,**,common,중학교·고등 공통과목 권장(**),kr-curriculum-2022,trap**
2778,travel,,,*,elementary,초등학교 권장(*),kr-curriculum-2022,travel*
2779,tray,,,**,common,중학교·고등 공통과목 권장(**),kr-curriculum-2022,tray**
2780,treasure,,,,elective,그 외 과목,kr-curriculum-2022,treasure
2781,treat,,,**,common,중학교·고등 공통과목 권장(**),kr-curriculum-2022,treat**
2782,treaty,,,,elective,그 외 과목,kr-curriculum-2022,treaty
2783,tree,,,*,elementary,초등학교 권장(*),kr-curriculum-2022,tree*
2784,tremendous,,,,elective,그 외 과목,kr-curriculum-2022,tremendous
2785,trend,,,,elective,그 외 과목,kr-curriculum-2022,trend
2786,triangle,,,**,common,중학교·고등 공통과목 권장(**),kr-curriculum-2022,triangle**
2787,tribe,,,,elective,그 외 과목,kr-curriculum-2022,tribe
2788,trick,,,**,common,중학교·고등 공통과목 권장(**),kr-curriculum-2022,trick**
2789,trigger,,,,elective,그 외 과목,kr-curriculum-2022,trigger
2790,trim,,,,elective,그 외 과목,kr-curriculum-2022,trim
2791,trip,,,*,elementary,초등학교 권장(*),kr-curriculum-2022,trip*
2792,triumph,,,,elective,그 외 과목,kr-curriculum-2022,triumph
2793,troop,,,,elective,그 외 과목,kr-curriculum-2022,troop
2794,trouble,,,**,common,중학교·고등 공통과목 권장(**),kr-curriculum-2022,trouble**
2795,truck,,,*,elementary,초등학교 권장(*),kr-curriculum-2022,truck*
2796,true,,,*,elementary,초등학교 권장(*),kr-curriculum-2022,true*
2797,trunk,,,**,common,중학교·고등 공통과목 권장(**),kr-curriculum-2022,trunk**
2798,trust,,,**,common,중학교·고등 공통과목 권장(**),kr-curriculum-2022,trust**
2799,truth,,,**,common,중학교·고등 공통과목 권장(**),kr-curriculum-2022,truth**
2800,try,,trial,*,elementary,초등학교 권장(*),kr-curriculum-2022,try* (trial)
2801,tube,,,,elective,그 외 과목,kr-curriculum-2022,tube
2802,tune,,,**,common,중학교·고등 공통과목 권장(**),kr-curriculum-2022,tune**
2803,tunnel,,,,elective,그 외 과목,kr-curriculum-2022,tunnel
2804,turn,,,*,elementary,초등학교 권장(*),kr-curriculum-2022,turn*
2805,turnover,,,,elective,그 외 과목,kr-curriculum-2022,turnover
2806,twelve,,,*,elementary,초등학교 권장(*),kr-curriculum-2022,twelve*
2807,twenty,,,*,elementary,초등학교 권장(*),kr-curriculum-2022,twenty*
2808,twenty-first,,,*,elementary,초등학교 권장(*),kr-curriculum-2022,twenty-first*
2809,twenty-second,,,*,elementary,초등학교 권장(*),kr-curriculum-2022,twenty-second*
2810,twenty-third,,,*,elementary,초등학교 권장(*),kr-curriculum-2022,twenty-third*
2811,twice,,,*,elementary,초등학교 권장(*),kr-curriculum-2022,twice*
2812,twin,,,**,common,중학교·고등 공통과목 권장(**),kr-curriculum-2022,twin**
2813,twist,,,**,common,중학교·고등 공통과목 권장(**),kr-curriculum-2022,twist**
2814,two,,,*,elementary,초등학교 권장(*),kr-curriculum-2022,two*
2815,type,,,*,elementary,초등학교 권장(*),kr-curriculum-2022,type*
2816,ugly,,,*,elementary,초등학교 권장(*),kr-curriculum-2022,ugly*
2817,ultimate,,,,elective,그 외 과목,kr-curriculum-2022,ultimate
2818,umbrella,,,*,elementary,초등학교 권장(*),kr-curriculum-2022,umbrella*
2819,uncle,,,*,elementary,초등학교 권장(*),kr-curriculum-2022,uncle*
2820,under,,,*,elementary,초등학교 권장(*),kr-curriculum-2022,under*
2821,undergo,,,,elective,그 외 과목,kr-curriculum-2022,undergo
2822,underlie,,,,elective,그 외 과목,kr-curriculum-2022,underlie
2823,undermine,,,,elective,그 외 과목,kr-curriculum-2022,undermine
2824,understand,,,*,elementary,초등학교 권장(*),kr-curriculum-2022,understand*
2825,undertake,,,,elective,그 외 과목,kr-curriculum-2022,undertake
2826,uniform,,,**,common,중학교·고등 공통과목 권장(**),kr-curriculum-2022,uniform**
2827,unify,,,,elective,그 외 과목,kr-curriculum-2022,unify
2828,unique,,,,elective,그 외 과목,kr-curriculum-2022,unique
2829,unit,,,**,common,중학교·고등 공통과목 권장(**),kr-curriculum-2022,unit**
2830,unite,,union,**,common,중학교·고등 공통과목 권장(**),kr-curriculum-2022,unite** (union)
2831,universe,,,,elective,그 외 과목,kr-curriculum-2022,universe
2832,university,,,**,common,중학교·고등 공통과목 권장(**),kr-curriculum-2022,university**
2833,unless,,,**,common,중학교·고등 공통과목 권장(**),kr-curriculum-2022,unless**
2834,until,,,**,common,중학교·고등 공통과목 권장(**),kr-curriculum-2022,until**
2835,up,,,*,elementary,초등학교 권장(*),kr-curriculum-2022,up*
2836,update,,,,elective,그 외 과목,kr-curriculum-2022,update
2837,upon,,,**,common,중학교·고등 공통과목 권장(**),kr-curriculum-2022,upon**
2838,upper,,,**,common,중학교·고등 공통과목 권장(**),kr-curriculum-2022,upper**
2839,upset,,,**,common,중학교·고등 공통과목 권장(**),kr-curriculum-2022,upset**
2840,upward,upwards,,,elective,그 외 과목,kr-curriculum-2022,upward / upwards
2841,urban,,,,elective,그 외 과목,kr-curriculum-2022,urban
2842,urge,,urgent,,elective,그 외 과목,kr-curriculum-2022,urge (urgent)
2843,use,,usual,*,elementary,초등학교 권장(*),kr-curriculum-2022,use* (usual)
2844,utilize,utilise,,,elective,그 외 과목,kr-curriculum-2022,utilize / utilise
2845,utter,,,,elective,그 외 과목,kr-curriculum-2022,utter
2846,vacate,,vacation,,elective,그 외 과목,kr-curriculum-2022,vacate (vacation)
2847,vaccine,,,,elective,그 외 과목,kr-curriculum-2022,vaccine
2848,vacuum,,,,elective,그 외 과목,kr-curriculum-2022,vacuum
2849,vague,,,,elective,그 외 과목,kr-curriculum-2022,vague
2850,valid,,,,elective,그 외 과목,kr-curriculum-2022,valid
2851,valley,,,**,common,중학교·고등 공통과목 권장(**),kr-curriculum-2022,valley**
2852,value,,,**,common,중학교·고등 공통과목 권장(**),kr-curriculum-2022,value**
2853,van,,,**,common,중학교·고등 공통과목 권장(**),kr-curriculum-2022,van**
2854,vanish,,,,elective,그 외 과목,kr-curriculum-2022,vanish
2855,various,,,**,common,중학교·고등 공통과목 권장(**),kr-curriculum-2022,various**
2856,vary,,,**,common,중학교·고등 공통과목 권장(**),kr-curriculum-2022,vary**
2857,vast,,,,elective,그 외 과목,kr-curriculum-2022,vast
2858,vegetable,,,*,elementary,초등학교 권장(*),kr-curriculum-2022,vegetable*
2859,vehicle,,,**,common,중학교·고등 공통과목 권장(**),kr-curriculum-2022,vehicle**
2860,venture,,,,elective,그 외 과목,kr-curriculum-2022,venture
2861,verb,,verbal,,elective,그 외 과목,kr-curriculum-2022,verb (verbal)
2862,verse,,,,elective,그 외 과목,kr-curriculum-2022,verse
2863,version,,,**,common,중학교·고등 공통과목 권장(**),kr-curriculum-2022,version**
2864,versus,,,,elective,그 외 과목,kr-curriculum-2022,versus
2865,vertical,,,,elective,그 외 과목,kr-curriculum-2022,vertical
2866,very,,,*,elementary,초등학교 권장(*),kr-curriculum-2022,very*
2867,vessel,,,,elective,그 외 과목,kr-curriculum-2022,vessel
2868,veterinarian,,,,elective,그 외 과목,kr-curriculum-2022,veterinarian
2869,via,,,,elective,그 외 과목,kr-curriculum-2022,via
2870,vice,,,,elective,그 외 과목,kr-curriculum-2022,vice
2871,victim,,,**,common,중학교·고등 공통과목 권장(**),kr-curriculum-2022,victim**
2872,victory,,,,elective,그 외 과목,kr-curriculum-2022,victory
2873,video,,,*,elementary,초등학교 권장(*),kr-curriculum-2022,video*
2874,view,,"interview, review",**,common,중학교·고등 공통과목 권장(**),kr-curriculum-2022,"view** (interview, review)"
2875,vigor,,vigorous,,elective,그 외 과목,kr-curriculum-2022,vigor (vigorous)
2876,villa,,,**,common,중학교·고등 공통과목 권장(**),kr-curriculum-2022,villa**
2877,village,,,**,common,중학교·고등 공통과목 권장(**),kr-curriculum-2022,village**
2878,violent,,,**,common,중학교·고등 공통과목 권장(**),kr-curriculum-2022,violent**
2879,violin,,,*,elementary,초등학교 권장(*),kr-curriculum-2022,violin*
2880,virgin,,,,elective,그 외 과목,kr-curriculum-2022,virgin
2881,virtue,,virtual,,elective,그 외 과목,kr-curriculum-2022,virtue (virtual)
2882,virus,,,,elective,그 외 과목,kr-curriculum-2022,virus
2883,visible,,,,elective,그 외 과목,kr-curriculum-2022,visible
2884,vision,,,**,common,중학교·고등 공통과목 권장(**),kr-curriculum-2022,vision**
2885,visit,,,*,elementary,초등학교 권장(*),kr-curriculum-2022,visit*
2886,visual,,,,elective,그 외 과목,kr-curriculum-2022,visual
2887,vital,,,,elective,그 외 과목,kr-curriculum-2022,vital
2888,vivid,,,,elective,그 외 과목,kr-curriculum-2022,vivid
2889,vocabulary,,,,elective,그 외 과목,kr-curriculum-2022,vocabulary
2890,vocation,,,,elective,그 외 과목,kr-curriculum-2022,vocation
2891,voice,,,*,elementary,초등학교 권장(*),kr-curriculum-2022,voice*
2892,volume,,,**,common,중학교·고등 공통과목 권장(**),kr-curriculum-2022,volume**
2893,volunteer,,,**,common,중학교·고등 공통과목 권장(**),kr-curriculum-2022,volunteer**
2894,vote,,,**,common,중학교·고등 공통과목 권장(**),kr-curriculum-2022,vote**
2895,wage,,,**,common,중학교·고등 공통과목 권장(**),kr-curriculum-2022,wage**
2896,wait,,,*,elementary,초등학교 권장(*),kr-curriculum-2022,wait*
2897,wake,,,*,elementary,초등학교 권장(*),kr-curriculum-2022,wake*
2898,walk,,,*,elementary,초등학교 권장(*),kr-curriculum-2022,walk*
2899,wall,,,*,elementary,초등학교 권장(*),kr-curriculum-2022,wall*
2900,wander,,,,elective,그 외 과목,kr-curriculum-2022,wander
2901,want,,,*,elementary,초등학교 권장(*),kr-curriculum-2022,want*
2902,war,,,*,elementary,초등학교 권장(*),kr-curriculum-2022,war*
2903,warehouse,,,,elective,그 외 과목,kr-curriculum-2022,warehouse
2904,warm,,,*,elementary,초등학교 권장(*),kr-curriculum-2022,warm*
2905,warn,,,**,common,중학교·고등 공통과목 권장(**),kr-curriculum-2022,warn**
2906,warrant,,,,elective,그 외 과목,kr-curriculum-2022,warrant
2907,wash,,,*,elementary,초등학교 권장(*),kr-curriculum-2022,wash*
2908,waste,,,**,common,중학교·고등 공통과목 권장(**),kr-curriculum-2022,waste**
2909,watch,,,*,elementary,초등학교 권장(*),kr-curriculum-2022,watch*
2910,water,,,*,elementary,초등학교 권장(*),kr-curriculum-2022,water*
2911,watermelon,,,*,elementary,초등학교 권장(*),kr-curriculum-2022,watermelon*
2912,wave,,,**,common,중학교·고등 공통과목 권장(**),kr-curriculum-2022,wave**
2913,way,,,*,elementary,초등학교 권장(*),kr-curriculum-2022,way*
2914,we,,,*,elementary,초등학교 권장(*),kr-curriculum-2022,we*
2915,weak,,,**,common,중학교·고등 공통과목 권장(**),kr-curriculum-2022,weak**
2916,wealth,,,,elective,그 외 과목,kr-curriculum-2022,wealth
2917,weapon,,,**,common,중학교·고등 공통과목 권장(**),kr-curriculum-2022,weapon**
2918,wear,,,*,elementary,초등학교 권장(*),kr-curriculum-2022,wear*
2919,weather,,,*,elementary,초등학교 권장(*),kr-curriculum-2022,weather*
2920,weave,,,,elective,그 외 과목,kr-curriculum-2022,weave
2921,website,,,*,elementary,초등학교 권장(*),kr-curriculum-2022,website*
2922,wedding,,,*,elementary,초등학교 권장(*),kr-curriculum-2022,wedding*
2923,weed,,,,elective,그 외 과목,kr-curriculum-2022,weed
2924,week,,,*,elementary,초등학교 권장(*),kr-curriculum-2022,week*
2925,weekend,,,*,elementary,초등학교 권장(*),kr-curriculum-2022,weekend*
2926,weigh,,,**,common,중학교·고등 공통과목 권장(**),kr-curriculum-2022,weigh**
2927,weight,,,*,elementary,초등학교 권장(*),kr-curriculum-2022,weight*
2928,weird,,,,elective,그 외 과목,kr-curriculum-2022,weird
2929,welcome,,,*,elementary,초등학교 권장(*),kr-curriculum-2022,welcome*
2930,welfare,,,,elective,그 외 과목,kr-curriculum-2022,welfare
2931,well,,,*,elementary,초등학교 권장(*),kr-curriculum-2022,well*
2932,west,,,*,elementary,초등학교 권장(*),kr-curriculum-2022,west*
2933,wet,,,*,elementary,초등학교 권장(*),kr-curriculum-2022,wet*
2934,whale,,,**,common,중학교·고등 공통과목 권장(**),kr-curriculum-2022,whale**
2935,what,,,*,elementary,초등학교 권장(*),kr-curriculum-2022,what*
2936,wheat,,,,elective,그 외 과목,kr-curriculum-2022,wheat
2937,wheel,,,**,common,중학교·고등 공통과목 권장(**),kr-curriculum-2022,wheel**
2938,when,,,*,elementary,초등학교 권장(*),kr-curriculum-2022,when*
2939,where,,,*,elementary,초등학교 권장(*),kr-curriculum-2022,where*
2940,whereas,,,,elective,그 외 과목,kr-curriculum-2022,whereas
2941,whether,,,**,common,중학교·고등 공통과목 권장(**),kr-curriculum-2022,whether**
2942,which,,,**,common,중학교·고등 공통과목 권장(**),kr-curriculum-2022,which**
2943,while,,,**,common,중학교·고등 공통과목 권장(**),kr-curriculum-2022,while**
2944,whip,,,,elective,그 외 과목,kr-curriculum-2022,whip
2945,whisper,,,**,common,중학교·고등 공통과목 권장(**),kr-curriculum-2022,whisper**
2946,whistle,,,**,common,중학교·고등 공통과목 권장(**),kr-curriculum-2022,whistle**
2947,white,,,*,elementary,초등학교 권장(*),kr-curriculum-2022,white*
2948,who,,,*,elementary,초등학교 권장(*),kr-curriculum-2022,who*
2949,whole,,,**,common,중학교·고등 공통과목 권장(**),kr-curriculum-2022,whole**
2950,why,,,*,elementary,초등학교 권장(*),kr-curriculum-2022,why*
2951,wicked,,,,elective,그 외 과목,kr-curriculum-2022,wicked
2952,wide,,,**,common,중학교·고등 공통과목 권장(**),kr-curriculum-2022,wide**
2953,wife,,,*,elementary,초등학교 권장(*),kr-curriculum-2022,wife*
2954,wild,,,**,common,중학교·고등 공통과목 권장(**),kr-curriculum-2022,wild**
2955,will,,,*,elementary,초등학교 권장(*),kr-curriculum-2022,will*
2956,win,,,*,elementary,초등학교 권장(*),kr-curriculum-2022,win*
2957,wind,,,*,elementary,초등학교 권장(*),kr-curriculum-2022,wind*
2958,window,,,*,elementary,초등학교 권장(*),kr-curriculum-2022,window*
2959,wine,,,*,elementary,초등학교 권장(*),kr-curriculum-2022,wine*
2960,wing,,,**,common,중학교·고등 공통과목 권장(**),kr-curriculum-2022,wing**
2961,winter,,,*,elementary,초등학교 권장(*),kr-curriculum-2022,winter*
2962,wipe,,,**,common,중학교·고등 공통과목 권장(**),kr-curriculum-2022,wipe**
2963,wire,,,**,common,중학교·고등 공통과목 권장(**),kr-curriculum-2022,wire**
2964,wise,,,**,common,중학교·고등 공통과목 권장(**),kr-curriculum-2022,wise**
2965,wish,,,*,elementary,초등학교 권장(*),kr-curriculum-2022,wish*
2966,wit,,,,elective,그 외 과목,kr-curriculum-2022,wit
2967,with,,,*,elementary,초등학교 권장(*),kr-curriculum-2022,with*
2968,withdraw,,,,elective,그 외 과목,kr-curriculum-2022,withdraw
2969,within,,,**,common,중학교·고등 공통과목 권장(**),kr-curriculum-2022,within**
2970,without,,,**,common,중학교·고등 공통과목 권장(**),kr-curriculum-2022,without**
2971,witness,,,,elective,그 외 과목,kr-curriculum-2022,witness
2972,woman,,,*,elementary,초등학교 권장(*),kr-curriculum-2022,woman*
2973,wonder,,,**,common,중학교·고등 공통과목 권장(**),kr-curriculum-2022,wonder**
2974,wood,,,*,elementary,초등학교 권장(*),kr-curriculum-2022,wood*
2975,wool,,,**,common,중학교·고등 공통과목 권장(**),kr-curriculum-2022,wool**
2976,word,,,*,elementary,초등학교 권장(*),kr-curriculum-2022,word*
2977,work,,,*,elementary,초등학교 권장(*),kr-curriculum-2022,work*
2978,world,,,*,elementary,초등학교 권장(*),kr-curriculum-2022,world*
2979,worry,,,*,elementary,초등학교 권장(*),kr-curriculum-2022,worry*
2980,worship,,,,elective,그 외 과목,kr-curriculum-2022,worship
2981,worth,,,**,common,중학교·고등 공통과목 권장(**),kr-curriculum-2022,worth**
2982,would,,,**,common,중학교·고등 공통과목 권장(**),kr-curriculum-2022,would**
2983,wound,,,**,common,중학교·고등 공통과목 권장(**),kr-curriculum-2022,wound**
2984,wrap,,,**,common,중학교·고등 공통과목 권장(**),kr-curriculum-2022,wrap**
2985,wreck,,,,elective,그 외 과목,kr-curriculum-2022,wreck
2986,write,,,*,elementary,초등학교 권장(*),kr-curriculum-2022,write*
2987,wrong,,,*,elementary,초등학교 권장(*),kr-curriculum-2022,wrong*
2988,year,,,*,elementary,초등학교 권장(*),kr-curriculum-2022,year*
2989,yell,,,**,common,중학교·고등 공통과목 권장(**),kr-curriculum-2022,yell**
2990,yellow,,,*,elementary,초등학교 권장(*),kr-curriculum-2022,yellow*
2991,yes,yeah / yep,,*,elementary,초등학교 권장(*),kr-curriculum-2022,yes* / yeah* / yep*
2992,yesterday,,,*,elementary,초등학교 권장(*),kr-curriculum-2022,yesterday*
2993,yet,,,**,common,중학교·고등 공통과목 권장(**),kr-curriculum-2022,yet**
2994,yield,,,,elective,그 외 과목,kr-curriculum-2022,yield
2995,you,,,*,elementary,초등학교 권장(*),kr-curriculum-2022,you*
2996,young,,,*,elementary,초등학교 권장(*),kr-curriculum-2022,young*
2997,zebra,,,**,common,중학교·고등 공통과목 권장(**),kr-curriculum-2022,zebra**
2998,zero,,,**,common,중학교·고등 공통과목 권장(**),kr-curriculum-2022,zero**
2999,zone,,,,elective,그 외 과목,kr-curriculum-2022,zone
3000,zoo,,,*,elementary,초등학교 권장(*),kr-curriculum-2022,zoo*
